feature_id,route_or_screen,roles,inputs,outputs,success,failure,data,current_implementation,new_implementation,parity_test,status,evidence
API-001,GET /api/account/claim-verify,Authenticated non-suspended account; proof bound to current user and original request,refCode or token/ref/locale; server session; original shared quota,Generic claim_sent; production encrypted mail to original contact; 307 claim=login_required/invalid/ok,One live proof atomically assigns an unowned/unarchived request; concurrent verification has one winner,Malformed/quota/unauthorized; wrong user/resource; expired/used token; live other reservation; suspended account; archived request; enqueue failure,RequestClaim; ProjectRequest; AuthToken; RequestMessage; MailJob; EmailLog; AuditLog; Notification; RateLimitBucket,src/app/api/account/claim-verify/route.ts,packages/server/src/auth/claims.ts; apps/api/src/auth/claim-controller.ts,packages/server/src/auth/claims.integration.test.ts; tests/e2e/files-claims.spec.ts; tests/e2e/account-portal.spec.ts,verified-code; final-code-parity acceptance; operations excluded by owner,docs/migration/files-and-claims.md; evidence/files-and-claims/; docs/migration/final-code-parity.md; docs/migration/evidence/final-code-parity/acceptance-map.json
API-002,GET /api/account/drafts,Authenticated account; ownership/assigned-staff/operation permissions per source handler,Original body/query/path fields; server-derived actor; original normalization and limits,Original status/body shape; legacy and v1 aliases; documented draft/internal-attachment corrections,Valid input and authorized actor,Validation/auth/ownership/conflict/rate-limit/storage failures,requestDraft,src/app/api/account/drafts/route.ts,apps/api/src/business/controller.ts; packages/server/src/business/account.ts; packages/server/src/business/requests.ts; packages/server/src/business/inquiries.ts,packages/server/src/business/portal.integration.test.ts; tests/e2e/account-portal.spec.ts; tests/e2e/profile-hydration.spec.ts; tests/e2e/role-contracts.spec.ts,verified-code; final-code-parity acceptance; operations excluded by owner,docs/migration/evidence/business-services; business-services.md; docs/migration/final-code-parity.md; docs/migration/evidence/final-code-parity/acceptance-map.json
API-003,PUT /api/account/drafts,Authenticated account; ownership/assigned-staff/operation permissions per source handler,Original body/query/path fields; server-derived actor; original normalization and limits,Original status/body shape; legacy and v1 aliases; documented draft/internal-attachment corrections,Valid input and authorized actor,Validation/auth/ownership/conflict/rate-limit/storage failures,requestDraft,src/app/api/account/drafts/route.ts,apps/api/src/business/controller.ts; packages/server/src/business/account.ts; packages/server/src/business/requests.ts; packages/server/src/business/inquiries.ts,packages/server/src/business/portal.integration.test.ts; tests/e2e/account-portal.spec.ts; tests/e2e/profile-hydration.spec.ts; tests/e2e/role-contracts.spec.ts,verified-code; final-code-parity acceptance; operations excluded by owner,docs/migration/evidence/business-services; business-services.md; docs/migration/final-code-parity.md; docs/migration/evidence/final-code-parity/acceptance-map.json
API-004,DELETE /api/account/drafts,Authenticated account; ownership/assigned-staff/operation permissions per source handler,Original body/query/path fields; server-derived actor; original normalization and limits,Original status/body shape; legacy and v1 aliases; documented draft/internal-attachment corrections,Valid input and authorized actor,Validation/auth/ownership/conflict/rate-limit/storage failures,requestDraft,src/app/api/account/drafts/route.ts,apps/api/src/business/controller.ts; packages/server/src/business/account.ts; packages/server/src/business/requests.ts; packages/server/src/business/inquiries.ts,packages/server/src/business/portal.integration.test.ts; tests/e2e/account-portal.spec.ts; tests/e2e/profile-hydration.spec.ts; tests/e2e/role-contracts.spec.ts,verified-code; final-code-parity acceptance; operations excluded by owner,docs/migration/evidence/business-services; business-services.md; docs/migration/final-code-parity.md; docs/migration/evidence/final-code-parity/acceptance-map.json
API-005,POST /api/account/inquiries/[id]/messages,Authenticated account; ownership/assigned-staff/operation permissions per source handler,Original body/query/path fields; server-derived actor; original normalization and limits,Original status/body shape; legacy and v1 aliases; documented draft/internal-attachment corrections,Valid input and authorized actor,Validation/auth/ownership/conflict/rate-limit/storage failures,"inquiry,inquiryMessage",src/app/api/account/inquiries/[id]/messages/route.ts,apps/api/src/business/controller.ts; packages/server/src/business/account.ts; packages/server/src/business/requests.ts; packages/server/src/business/inquiries.ts,packages/server/src/business/portal.integration.test.ts; tests/e2e/account-portal.spec.ts; tests/e2e/profile-hydration.spec.ts; tests/e2e/role-contracts.spec.ts,verified-code; final-code-parity acceptance; operations excluded by owner,docs/migration/evidence/business-services; business-services.md; docs/migration/final-code-parity.md; docs/migration/evidence/final-code-parity/acceptance-map.json
API-006,GET /api/account/inquiries/[id],Authenticated account; ownership/assigned-staff/operation permissions per source handler,Original body/query/path fields; server-derived actor; original normalization and limits,Original status/body shape; legacy and v1 aliases; documented draft/internal-attachment corrections,Valid input and authorized actor,Validation/auth/ownership/conflict/rate-limit/storage failures,inquiry,src/app/api/account/inquiries/[id]/route.ts,apps/api/src/business/controller.ts; packages/server/src/business/account.ts; packages/server/src/business/requests.ts; packages/server/src/business/inquiries.ts,packages/server/src/business/portal.integration.test.ts; tests/e2e/account-portal.spec.ts; tests/e2e/profile-hydration.spec.ts; tests/e2e/role-contracts.spec.ts,verified-code; final-code-parity acceptance; operations excluded by owner,docs/migration/evidence/business-services; business-services.md; docs/migration/final-code-parity.md; docs/migration/evidence/final-code-parity/acceptance-map.json
API-007,GET /api/account/inquiries,Authenticated account; ownership/assigned-staff/operation permissions per source handler,Original body/query/path fields; server-derived actor; original normalization and limits,Original status/body shape; legacy and v1 aliases; documented draft/internal-attachment corrections,Valid input and authorized actor,Validation/auth/ownership/conflict/rate-limit/storage failures,inquiry,src/app/api/account/inquiries/route.ts,apps/api/src/business/controller.ts; packages/server/src/business/account.ts; packages/server/src/business/requests.ts; packages/server/src/business/inquiries.ts,packages/server/src/business/portal.integration.test.ts; tests/e2e/account-portal.spec.ts; tests/e2e/profile-hydration.spec.ts; tests/e2e/role-contracts.spec.ts,verified-code; final-code-parity acceptance; operations excluded by owner,docs/migration/evidence/business-services; business-services.md; docs/migration/final-code-parity.md; docs/migration/evidence/final-code-parity/acceptance-map.json
API-008,POST /api/account/inquiries,Authenticated account; ownership/assigned-staff/operation permissions per source handler,Original body/query/path fields; server-derived actor; original normalization and limits,Original status/body shape; legacy and v1 aliases; documented draft/internal-attachment corrections,Valid input and authorized actor,Validation/auth/ownership/conflict/rate-limit/storage failures,inquiry,src/app/api/account/inquiries/route.ts,apps/api/src/business/controller.ts; packages/server/src/business/account.ts; packages/server/src/business/requests.ts; packages/server/src/business/inquiries.ts,packages/server/src/business/portal.integration.test.ts; tests/e2e/account-portal.spec.ts; tests/e2e/profile-hydration.spec.ts; tests/e2e/role-contracts.spec.ts,verified-code; final-code-parity acceptance; operations excluded by owner,docs/migration/evidence/business-services; business-services.md; docs/migration/final-code-parity.md; docs/migration/evidence/final-code-parity/acceptance-map.json
API-009,GET /api/account/notifications,Authenticated account; ownership/assigned-staff/operation permissions per source handler,Original body/query/path fields; server-derived actor; original normalization and limits,Original status/body shape; legacy and v1 aliases; documented draft/internal-attachment corrections,Valid input and authorized actor,Validation/auth/ownership/conflict/rate-limit/storage failures,notification,src/app/api/account/notifications/route.ts,apps/api/src/business/controller.ts; packages/server/src/business/account.ts; packages/server/src/business/requests.ts; packages/server/src/business/inquiries.ts,packages/server/src/business/portal.integration.test.ts; tests/e2e/account-portal.spec.ts; tests/e2e/profile-hydration.spec.ts; tests/e2e/role-contracts.spec.ts,verified-code; final-code-parity acceptance; operations excluded by owner,docs/migration/evidence/business-services; business-services.md; docs/migration/final-code-parity.md; docs/migration/evidence/final-code-parity/acceptance-map.json
API-010,POST /api/account/notifications,Authenticated account; ownership/assigned-staff/operation permissions per source handler,Original body/query/path fields; server-derived actor; original normalization and limits,Original status/body shape; legacy and v1 aliases; documented draft/internal-attachment corrections,Valid input and authorized actor,Validation/auth/ownership/conflict/rate-limit/storage failures,notification,src/app/api/account/notifications/route.ts,apps/api/src/business/controller.ts; packages/server/src/business/account.ts; packages/server/src/business/requests.ts; packages/server/src/business/inquiries.ts,packages/server/src/business/portal.integration.test.ts; tests/e2e/account-portal.spec.ts; tests/e2e/profile-hydration.spec.ts; tests/e2e/role-contracts.spec.ts,verified-code; final-code-parity acceptance; operations excluded by owner,docs/migration/evidence/business-services; business-services.md; docs/migration/final-code-parity.md; docs/migration/evidence/final-code-parity/acceptance-map.json
API-011,GET /api/account/profile,Authenticated account; ownership/assigned-staff/operation permissions per source handler,Original body/query/path fields; server-derived actor; original normalization and limits,Original status/body shape; legacy and v1 aliases; documented draft/internal-attachment corrections,Valid input and authorized actor,Validation/auth/ownership/conflict/rate-limit/storage failures,user,src/app/api/account/profile/route.ts,apps/api/src/business/controller.ts; packages/server/src/business/account.ts; packages/server/src/business/requests.ts; packages/server/src/business/inquiries.ts,packages/server/src/business/portal.integration.test.ts; tests/e2e/account-portal.spec.ts; tests/e2e/profile-hydration.spec.ts; tests/e2e/role-contracts.spec.ts,verified-code; final-code-parity acceptance; operations excluded by owner,docs/migration/evidence/business-services; business-services.md; docs/migration/final-code-parity.md; docs/migration/evidence/final-code-parity/acceptance-map.json
API-012,PATCH /api/account/profile,Authenticated account; ownership/assigned-staff/operation permissions per source handler,Original body/query/path fields; server-derived actor; original normalization and limits,Original status/body shape; legacy and v1 aliases; documented draft/internal-attachment corrections,Valid input and authorized actor,Validation/auth/ownership/conflict/rate-limit/storage failures,user,src/app/api/account/profile/route.ts,apps/api/src/business/controller.ts; packages/server/src/business/account.ts; packages/server/src/business/requests.ts; packages/server/src/business/inquiries.ts,packages/server/src/business/portal.integration.test.ts; tests/e2e/account-portal.spec.ts; tests/e2e/profile-hydration.spec.ts; tests/e2e/role-contracts.spec.ts,verified-code; final-code-parity acceptance; operations excluded by owner,docs/migration/evidence/business-services; business-services.md; docs/migration/final-code-parity.md; docs/migration/evidence/final-code-parity/acceptance-map.json
API-013,POST /api/account/requests/[id]/messages,Authenticated account; ownership/assigned-staff/operation permissions per source handler,Original body/query/path fields; server-derived actor; original normalization and limits,Original status/body shape; legacy and v1 aliases; documented draft/internal-attachment corrections,Valid input and authorized actor,Validation/auth/ownership/conflict/rate-limit/storage failures,ProjectRequest; RequestMessage; User; Notification; AuditLog; EmailLog; MailJob; RateLimitBucket,src/app/api/account/requests/[id]/messages/route.ts,apps/api/src/business/controller.ts; packages/server/src/business/account.ts; packages/server/src/business/requests.ts; packages/server/src/business/inquiries.ts,packages/server/src/business/portal.integration.test.ts; tests/e2e/account-portal.spec.ts; tests/e2e/profile-hydration.spec.ts; tests/e2e/role-contracts.spec.ts,verified-code; final-code-parity acceptance; operations excluded by owner,docs/migration/evidence/business-services; business-services.md; docs/migration/final-code-parity.md; docs/migration/evidence/final-code-parity/acceptance-map.json
API-014,GET /api/account/requests/[id],Authenticated account; ownership/assigned-staff/operation permissions per source handler,Original body/query/path fields; server-derived actor; original normalization and limits,Original status/body shape; legacy and v1 aliases; documented draft/internal-attachment corrections,Valid input and authorized actor,Validation/auth/ownership/conflict/rate-limit/storage failures,"projectRequest,requestMessage,requestStatusEvent",src/app/api/account/requests/[id]/route.ts,apps/api/src/business/controller.ts; packages/server/src/business/account.ts; packages/server/src/business/requests.ts; packages/server/src/business/inquiries.ts,packages/server/src/business/portal.integration.test.ts; tests/e2e/account-portal.spec.ts; tests/e2e/profile-hydration.spec.ts; tests/e2e/role-contracts.spec.ts,verified-code; final-code-parity acceptance; operations excluded by owner,docs/migration/evidence/business-services; business-services.md; docs/migration/final-code-parity.md; docs/migration/evidence/final-code-parity/acceptance-map.json
API-015,PATCH /api/account/requests/[id],Authenticated account; ownership/assigned-staff/operation permissions per source handler,Original body/query/path fields; server-derived actor; original normalization and limits,Original status/body shape; legacy and v1 aliases; documented draft/internal-attachment corrections,Valid input and authorized actor,Validation/auth/ownership/conflict/rate-limit/storage failures,"projectRequest,requestMessage,requestStatusEvent",src/app/api/account/requests/[id]/route.ts,apps/api/src/business/controller.ts; packages/server/src/business/account.ts; packages/server/src/business/requests.ts; packages/server/src/business/inquiries.ts,packages/server/src/business/portal.integration.test.ts; tests/e2e/account-portal.spec.ts; tests/e2e/profile-hydration.spec.ts; tests/e2e/role-contracts.spec.ts,verified-code; final-code-parity acceptance; operations excluded by owner,docs/migration/evidence/business-services; business-services.md; docs/migration/final-code-parity.md; docs/migration/evidence/final-code-parity/acceptance-map.json
API-016,POST /api/account/requests/claim,Authenticated non-suspended account; proof bound to current user and original request,refCode or token/ref/locale; server session; original shared quota,Generic claim_sent; production encrypted mail to original contact; 307 claim=login_required/invalid/ok,One live proof atomically assigns an unowned/unarchived request; concurrent verification has one winner,Malformed/quota/unauthorized; wrong user/resource; expired/used token; live other reservation; suspended account; archived request; enqueue failure,RequestClaim; ProjectRequest; AuthToken; RequestMessage; MailJob; EmailLog; AuditLog; Notification; RateLimitBucket,src/app/api/account/requests/claim/route.ts,packages/server/src/auth/claims.ts; apps/api/src/auth/claim-controller.ts,packages/server/src/auth/claims.integration.test.ts; tests/e2e/files-claims.spec.ts; tests/e2e/account-portal.spec.ts,verified-code; final-code-parity acceptance; operations excluded by owner,docs/migration/files-and-claims.md; evidence/files-and-claims/; docs/migration/final-code-parity.md; docs/migration/evidence/final-code-parity/acceptance-map.json
API-017,GET /api/account/requests,Authenticated account; ownership/assigned-staff/operation permissions per source handler,Original body/query/path fields; server-derived actor; original normalization and limits,Original status/body shape; legacy and v1 aliases; documented draft/internal-attachment corrections,Valid input and authorized actor,Validation/auth/ownership/conflict/rate-limit/storage failures,projectRequest,src/app/api/account/requests/route.ts,apps/api/src/business/controller.ts; packages/server/src/business/account.ts; packages/server/src/business/requests.ts; packages/server/src/business/inquiries.ts,packages/server/src/business/portal.integration.test.ts; tests/e2e/account-portal.spec.ts; tests/e2e/profile-hydration.spec.ts; tests/e2e/role-contracts.spec.ts,verified-code; final-code-parity acceptance; operations excluded by owner,docs/migration/evidence/business-services; business-services.md; docs/migration/final-code-parity.md; docs/migration/evidence/final-code-parity/acceptance-map.json
API-018,GET /api/admin/audit,"guardApi(req, ""audit.view"");",Query/body/path/files as defined in source,Exact source HTTP status/headers/body; synthetic contract capture required,Valid input and authorized actor,Validation/auth/ownership/conflict/rate-limit/storage failures,auditLog,src/app/api/admin/audit/route.ts,packages/server/src/admin/operations.ts; packages/server/src/admin/conversations.ts; packages/server/src/admin/dashboard.ts; apps/api/src/admin/operations.controller.ts,packages/server/src/admin/operations.integration.test.ts; tests/e2e/admin-configuration.spec.ts; tests/e2e/role-contracts.spec.ts; tests/e2e/support-operations.spec.ts; tests/e2e/admin-navigation.spec.ts,verified-code; final-code-parity acceptance; operations excluded by owner,docs/migration/administration-and-editor.md; evidence/administration/summary.json; docs/migration/final-code-parity.md; docs/migration/evidence/final-code-parity/acceptance-map.json
API-019,GET /api/admin/dashboard,"guardApi(req, ""admin.dashboard"");",Query/body/path/files as defined in source,Exact source HTTP status/headers/body; synthetic contract capture required,Valid input and authorized actor,Validation/auth/ownership/conflict/rate-limit/storage failures,"auditLog,inquiry,page,projectRequest,user",src/app/api/admin/dashboard/route.ts,packages/server/src/admin/operations.ts; packages/server/src/admin/conversations.ts; packages/server/src/admin/dashboard.ts; apps/api/src/admin/operations.controller.ts,packages/server/src/admin/operations.integration.test.ts; tests/e2e/admin-configuration.spec.ts; tests/e2e/role-contracts.spec.ts; tests/e2e/support-operations.spec.ts; tests/e2e/admin-navigation.spec.ts,verified-code; final-code-parity acceptance; operations excluded by owner,docs/migration/administration-and-editor.md; evidence/administration/summary.json; docs/migration/final-code-parity.md; docs/migration/evidence/final-code-parity/acceptance-map.json
API-020,POST /api/admin/inquiries/[id]/messages,guardApi(req);,Query/body/path/files as defined in source,Exact source HTTP status/headers/body; synthetic contract capture required,Valid input and authorized actor,Validation/auth/ownership/conflict/rate-limit/storage failures,"inquiry,inquiryMessage",src/app/api/admin/inquiries/[id]/messages/route.ts,packages/server/src/admin/operations.ts; packages/server/src/admin/conversations.ts; packages/server/src/admin/dashboard.ts; apps/api/src/admin/operations.controller.ts,packages/server/src/admin/operations.integration.test.ts; tests/e2e/admin-configuration.spec.ts; tests/e2e/role-contracts.spec.ts; tests/e2e/support-operations.spec.ts; tests/e2e/admin-navigation.spec.ts,verified-code; final-code-parity acceptance; operations excluded by owner,docs/migration/administration-and-editor.md; evidence/administration/summary.json; docs/migration/final-code-parity.md; docs/migration/evidence/final-code-parity/acceptance-map.json
API-021,GET /api/admin/inquiries/[id],"guardApi(req, ""inquiries.view.all"");; guardApi(req);",Query/body/path/files as defined in source,Exact source HTTP status/headers/body; synthetic contract capture required,Valid input and authorized actor,Validation/auth/ownership/conflict/rate-limit/storage failures,"inquiry,inquiryMessage,user",src/app/api/admin/inquiries/[id]/route.ts,packages/server/src/admin/operations.ts; packages/server/src/admin/conversations.ts; packages/server/src/admin/dashboard.ts; apps/api/src/admin/operations.controller.ts,packages/server/src/admin/operations.integration.test.ts; tests/e2e/admin-configuration.spec.ts; tests/e2e/role-contracts.spec.ts; tests/e2e/support-operations.spec.ts; tests/e2e/admin-navigation.spec.ts,verified-code; final-code-parity acceptance; operations excluded by owner,docs/migration/administration-and-editor.md; evidence/administration/summary.json; docs/migration/final-code-parity.md; docs/migration/evidence/final-code-parity/acceptance-map.json
API-022,PATCH /api/admin/inquiries/[id],"guardApi(req, ""inquiries.view.all"");; guardApi(req);",Query/body/path/files as defined in source,Exact source HTTP status/headers/body; synthetic contract capture required,Valid input and authorized actor,Validation/auth/ownership/conflict/rate-limit/storage failures,"inquiry,inquiryMessage,user",src/app/api/admin/inquiries/[id]/route.ts,packages/server/src/admin/operations.ts; packages/server/src/admin/conversations.ts; packages/server/src/admin/dashboard.ts; apps/api/src/admin/operations.controller.ts,packages/server/src/admin/operations.integration.test.ts; tests/e2e/admin-configuration.spec.ts; tests/e2e/role-contracts.spec.ts; tests/e2e/support-operations.spec.ts; tests/e2e/admin-navigation.spec.ts,verified-code; final-code-parity acceptance; operations excluded by owner,docs/migration/administration-and-editor.md; evidence/administration/summary.json; docs/migration/final-code-parity.md; docs/migration/evidence/final-code-parity/acceptance-map.json
API-023,POST /api/admin/inquiries/bulk,guardApi(req);,Query/body/path/files as defined in source,Exact source HTTP status/headers/body; synthetic contract capture required,Valid input and authorized actor,Validation/auth/ownership/conflict/rate-limit/storage failures,inquiry,src/app/api/admin/inquiries/bulk/route.ts,packages/server/src/admin/operations.ts; packages/server/src/admin/conversations.ts; packages/server/src/admin/dashboard.ts; apps/api/src/admin/operations.controller.ts,packages/server/src/admin/operations.integration.test.ts; tests/e2e/admin-configuration.spec.ts; tests/e2e/role-contracts.spec.ts; tests/e2e/support-operations.spec.ts; tests/e2e/admin-navigation.spec.ts,verified-code; final-code-parity acceptance; operations excluded by owner,docs/migration/administration-and-editor.md; evidence/administration/summary.json; docs/migration/final-code-parity.md; docs/migration/evidence/final-code-parity/acceptance-map.json
API-024,GET /api/admin/inquiries/export,"guardApi(req, ""inquiries.export"");",Query/body/path/files as defined in source,Exact source HTTP status/headers/body; synthetic contract capture required,Valid input and authorized actor,Validation/auth/ownership/conflict/rate-limit/storage failures,inquiry,src/app/api/admin/inquiries/export/route.ts,packages/server/src/admin/operations.ts; packages/server/src/admin/conversations.ts; packages/server/src/admin/dashboard.ts; apps/api/src/admin/operations.controller.ts,packages/server/src/admin/operations.integration.test.ts; tests/e2e/admin-configuration.spec.ts; tests/e2e/role-contracts.spec.ts; tests/e2e/support-operations.spec.ts; tests/e2e/admin-navigation.spec.ts,verified-code; final-code-parity acceptance; operations excluded by owner,docs/migration/administration-and-editor.md; evidence/administration/summary.json; docs/migration/final-code-parity.md; docs/migration/evidence/final-code-parity/acceptance-map.json
API-025,GET /api/admin/inquiries,"guardApi(req, ""inquiries.view.all"");",Query/body/path/files as defined in source,Exact source HTTP status/headers/body; synthetic contract capture required,Valid input and authorized actor,Validation/auth/ownership/conflict/rate-limit/storage failures,"inquiry,inquiryMessage",src/app/api/admin/inquiries/route.ts,packages/server/src/admin/operations.ts; packages/server/src/admin/conversations.ts; packages/server/src/admin/dashboard.ts; apps/api/src/admin/operations.controller.ts,packages/server/src/admin/operations.integration.test.ts; tests/e2e/admin-configuration.spec.ts; tests/e2e/role-contracts.spec.ts; tests/e2e/support-operations.spec.ts; tests/e2e/admin-navigation.spec.ts,verified-code; final-code-parity acceptance; operations excluded by owner,docs/migration/administration-and-editor.md; evidence/administration/summary.json; docs/migration/final-code-parity.md; docs/migration/evidence/final-code-parity/acceptance-map.json
API-026,PATCH /api/admin/media/[id],media.manage for list/update/delete; media.upload for upload; super_admin or granted permission,Legacy/v1 paths; multipart image; folder <=60; search <=100; usage in_use/unused; page; metadata,Paginated media with folder/usageCount; global unusedTotal/folders; persisted metadata; 409 media_in_use usage locations,Upload; search/folder/usage filters; edit; delete unused image; actual image bytes; durable cleanup,401/403; invalid image/folder; unknown ID; used file 409; concurrent CMS mutation; dangling media reference 409,MediaItem; Page draft/published blocks and settings; PageTemplate; AuditLog; FileCleanupJob,src/app/api/admin/media/[id]/route.ts,packages/server/src/files/service.ts; packages/server/src/files/media-usage.ts,packages/server/src/files/files.integration.test.ts; packages/server/src/files/media-library.integration.test.ts; tests/e2e/files-claims.spec.ts; tests/e2e/media-library.spec.ts,verified-code; final-code-parity acceptance; operations excluded by owner,docs/migration/media-library.md; tests/e2e/media-library.spec.ts; packages/server/src/files/media-library.integration.test.ts; docs/migration/final-code-parity.md; docs/migration/evidence/final-code-parity/acceptance-map.json
API-027,DELETE /api/admin/media/[id],media.manage for list/update/delete; media.upload for upload; super_admin or granted permission,Legacy/v1 paths; multipart image; folder <=60; search <=100; usage in_use/unused; page; metadata,Paginated media with folder/usageCount; global unusedTotal/folders; persisted metadata; 409 media_in_use usage locations,Upload; search/folder/usage filters; edit; delete unused image; actual image bytes; durable cleanup,401/403; invalid image/folder; unknown ID; used file 409; concurrent CMS mutation; dangling media reference 409,MediaItem; Page draft/published blocks and settings; PageTemplate; AuditLog; FileCleanupJob,src/app/api/admin/media/[id]/route.ts,packages/server/src/files/service.ts; packages/server/src/files/media-usage.ts,packages/server/src/files/files.integration.test.ts; packages/server/src/files/media-library.integration.test.ts; tests/e2e/files-claims.spec.ts; tests/e2e/media-library.spec.ts,verified-code; final-code-parity acceptance; operations excluded by owner,docs/migration/media-library.md; tests/e2e/media-library.spec.ts; packages/server/src/files/media-library.integration.test.ts; docs/migration/final-code-parity.md; docs/migration/evidence/final-code-parity/acceptance-map.json
API-028,GET /api/admin/media,media.manage for list/update/delete; media.upload for upload; super_admin or granted permission,Legacy/v1 paths; multipart image; folder <=60; search <=100; usage in_use/unused; page; metadata,Paginated media with folder/usageCount; global unusedTotal/folders; persisted metadata; 409 media_in_use usage locations,Upload; search/folder/usage filters; edit; delete unused image; actual image bytes; durable cleanup,401/403; invalid image/folder; unknown ID; used file 409; concurrent CMS mutation; dangling media reference 409,MediaItem; Page draft/published blocks and settings; PageTemplate; AuditLog; FileCleanupJob,src/app/api/admin/media/route.ts,packages/server/src/files/service.ts; packages/server/src/files/media-usage.ts,packages/server/src/files/files.integration.test.ts; packages/server/src/files/media-library.integration.test.ts; tests/e2e/files-claims.spec.ts; tests/e2e/media-library.spec.ts,verified-code; final-code-parity acceptance; operations excluded by owner,docs/migration/media-library.md; tests/e2e/media-library.spec.ts; packages/server/src/files/media-library.integration.test.ts; docs/migration/final-code-parity.md; docs/migration/evidence/final-code-parity/acceptance-map.json
API-029,POST /api/admin/media,media.manage for list/update/delete; media.upload for upload; super_admin or granted permission,Legacy/v1 paths; multipart image; folder <=60; search <=100; usage in_use/unused; page; metadata,Paginated media with folder/usageCount; global unusedTotal/folders; persisted metadata; 409 media_in_use usage locations,Upload; search/folder/usage filters; edit; delete unused image; actual image bytes; durable cleanup,401/403; invalid image/folder; unknown ID; used file 409; concurrent CMS mutation; dangling media reference 409,MediaItem; Page draft/published blocks and settings; PageTemplate; AuditLog; FileCleanupJob,src/app/api/admin/media/route.ts,packages/server/src/files/service.ts; packages/server/src/files/media-usage.ts,packages/server/src/files/files.integration.test.ts; packages/server/src/files/media-library.integration.test.ts; tests/e2e/files-claims.spec.ts; tests/e2e/media-library.spec.ts,verified-code; final-code-parity acceptance; operations excluded by owner,docs/migration/media-library.md; tests/e2e/media-library.spec.ts; packages/server/src/files/media-library.integration.test.ts; docs/migration/final-code-parity.md; docs/migration/evidence/final-code-parity/acceptance-map.json
API-030,GET /api/admin/menus,"guardApi(req, ""menus.manage"");; guardApi(req, ""menus.manage"");",Query/body/path/files as defined in source,Exact source HTTP status/headers/body; synthetic contract capture required,Valid input and authorized actor,Validation/auth/ownership/conflict/rate-limit/storage failures,"menuItem,page",src/app/api/admin/menus/route.ts,packages/server/src/admin/operations.ts; packages/server/src/admin/conversations.ts; packages/server/src/admin/dashboard.ts; apps/api/src/admin/operations.controller.ts,packages/server/src/admin/operations.integration.test.ts; tests/e2e/admin-configuration.spec.ts; tests/e2e/role-contracts.spec.ts; tests/e2e/support-operations.spec.ts; tests/e2e/admin-navigation.spec.ts,verified-code; final-code-parity acceptance; operations excluded by owner,docs/migration/administration-and-editor.md; evidence/administration/summary.json; docs/migration/final-code-parity.md; docs/migration/evidence/final-code-parity/acceptance-map.json
API-031,PUT /api/admin/menus,"guardApi(req, ""menus.manage"");; guardApi(req, ""menus.manage"");",Query/body/path/files as defined in source,Exact source HTTP status/headers/body; synthetic contract capture required,Valid input and authorized actor,Validation/auth/ownership/conflict/rate-limit/storage failures,"menuItem,page",src/app/api/admin/menus/route.ts,packages/server/src/admin/operations.ts; packages/server/src/admin/conversations.ts; packages/server/src/admin/dashboard.ts; apps/api/src/admin/operations.controller.ts,packages/server/src/admin/operations.integration.test.ts; tests/e2e/admin-configuration.spec.ts; tests/e2e/role-contracts.spec.ts; tests/e2e/support-operations.spec.ts; tests/e2e/admin-navigation.spec.ts,verified-code; final-code-parity acceptance; operations excluded by owner,docs/migration/administration-and-editor.md; evidence/administration/summary.json; docs/migration/final-code-parity.md; docs/migration/evidence/final-code-parity/acceptance-map.json
API-032,GET /api/admin/outbox,"guardApi(req, ""email.outbox"");",Query/body/path/files as defined in source,Exact source HTTP status/headers/body; synthetic contract capture required,Valid input and authorized actor,Validation/auth/ownership/conflict/rate-limit/storage failures,emailLog,src/app/api/admin/outbox/route.ts,packages/server/src/admin/operations.ts; packages/server/src/admin/conversations.ts; packages/server/src/admin/dashboard.ts; apps/api/src/admin/operations.controller.ts,packages/server/src/admin/operations.integration.test.ts; tests/e2e/admin-configuration.spec.ts; tests/e2e/role-contracts.spec.ts; tests/e2e/support-operations.spec.ts; tests/e2e/admin-navigation.spec.ts,verified-code; final-code-parity acceptance; operations excluded by owner,docs/migration/administration-and-editor.md; evidence/administration/summary.json; reference-isolation.md; evidence/reference-isolation/outbox-contract.json; docs/migration/final-code-parity.md; docs/migration/evidence/final-code-parity/acceptance-map.json
API-033,POST /api/admin/pages/[id]/publish,"guardApi(req, ""pages.publish"");",Query/body/path/files as defined in source,Exact source HTTP status/headers/body; synthetic contract capture required,Valid input and authorized actor,Validation/auth/ownership/conflict/rate-limit/storage failures,"page,pageVersion,user",src/app/api/admin/pages/[id]/publish/route.ts,packages/server/src/admin/pages.ts; packages/server/src/admin/publication.ts; apps/api/src/admin/pages.controller.ts,packages/server/src/admin/pages.integration.test.ts; packages/server/src/admin/publication.integration.test.ts; tests/e2e/cms-publication.spec.ts; tests/e2e/editor-operations.spec.ts; tests/e2e/admin-navigation.spec.ts,verified-code; final-code-parity acceptance; operations excluded by owner,docs/migration/administration-and-editor.md; evidence/administration/summary.json; docs/migration/final-code-parity.md; docs/migration/evidence/final-code-parity/acceptance-map.json
API-034,GET /api/admin/pages/[id],"guardApi(req, ""pages.view"");; guardApi(req, ""pages.edit"");; guardApi(req, ""pages.delete"");",Query/body/path/files as defined in source,Exact source HTTP status/headers/body; synthetic contract capture required,Valid input and authorized actor,Validation/auth/ownership/conflict/rate-limit/storage failures,"page,pageRedirect",src/app/api/admin/pages/[id]/route.ts,packages/server/src/admin/pages.ts; packages/server/src/admin/publication.ts; apps/api/src/admin/pages.controller.ts,packages/server/src/admin/pages.integration.test.ts; packages/server/src/admin/publication.integration.test.ts; tests/e2e/cms-publication.spec.ts; tests/e2e/editor-operations.spec.ts; tests/e2e/admin-navigation.spec.ts,verified-code; final-code-parity acceptance; operations excluded by owner,docs/migration/administration-and-editor.md; evidence/administration/summary.json; docs/migration/final-code-parity.md; docs/migration/evidence/final-code-parity/acceptance-map.json
API-035,PATCH /api/admin/pages/[id],"guardApi(req, ""pages.view"");; guardApi(req, ""pages.edit"");; guardApi(req, ""pages.delete"");",Query/body/path/files as defined in source,Exact source HTTP status/headers/body; synthetic contract capture required,Valid input and authorized actor,Validation/auth/ownership/conflict/rate-limit/storage failures,"page,pageRedirect",src/app/api/admin/pages/[id]/route.ts,packages/server/src/admin/pages.ts; packages/server/src/admin/publication.ts; apps/api/src/admin/pages.controller.ts,packages/server/src/admin/pages.integration.test.ts; packages/server/src/admin/publication.integration.test.ts; tests/e2e/cms-publication.spec.ts; tests/e2e/editor-operations.spec.ts; tests/e2e/admin-navigation.spec.ts,verified-code; final-code-parity acceptance; operations excluded by owner,docs/migration/administration-and-editor.md; evidence/administration/summary.json; docs/migration/final-code-parity.md; docs/migration/evidence/final-code-parity/acceptance-map.json
API-036,DELETE /api/admin/pages/[id],"guardApi(req, ""pages.view"");; guardApi(req, ""pages.edit"");; guardApi(req, ""pages.delete"");",Query/body/path/files as defined in source,Exact source HTTP status/headers/body; synthetic contract capture required,Valid input and authorized actor,Validation/auth/ownership/conflict/rate-limit/storage failures,"page,pageRedirect",src/app/api/admin/pages/[id]/route.ts,packages/server/src/admin/pages.ts; packages/server/src/admin/publication.ts; apps/api/src/admin/pages.controller.ts,packages/server/src/admin/pages.integration.test.ts; packages/server/src/admin/publication.integration.test.ts; tests/e2e/cms-publication.spec.ts; tests/e2e/editor-operations.spec.ts; tests/e2e/admin-navigation.spec.ts,verified-code; final-code-parity acceptance; operations excluded by owner,docs/migration/administration-and-editor.md; evidence/administration/summary.json; docs/migration/final-code-parity.md; docs/migration/evidence/final-code-parity/acceptance-map.json
API-037,POST /api/admin/pages/[id]/versions/[version]/restore,"guardApi(req, ""pages.restore"");",Query/body/path/files as defined in source,Exact source HTTP status/headers/body; synthetic contract capture required,Valid input and authorized actor,Validation/auth/ownership/conflict/rate-limit/storage failures,"page,pageVersion",src/app/api/admin/pages/[id]/versions/[version]/restore/route.ts,packages/server/src/admin/pages.ts; packages/server/src/admin/publication.ts; apps/api/src/admin/pages.controller.ts,packages/server/src/admin/pages.integration.test.ts; packages/server/src/admin/publication.integration.test.ts; tests/e2e/cms-publication.spec.ts; tests/e2e/editor-operations.spec.ts; tests/e2e/admin-navigation.spec.ts,verified-code; final-code-parity acceptance; operations excluded by owner,docs/migration/administration-and-editor.md; evidence/administration/summary.json; docs/migration/final-code-parity.md; docs/migration/evidence/final-code-parity/acceptance-map.json
API-038,GET /api/admin/pages/[id]/versions,"guardApi(req, ""pages.view"");",Query/body/path/files as defined in source,Exact source HTTP status/headers/body; synthetic contract capture required,Valid input and authorized actor,Validation/auth/ownership/conflict/rate-limit/storage failures,pageVersion,src/app/api/admin/pages/[id]/versions/route.ts,packages/server/src/admin/pages.ts; packages/server/src/admin/publication.ts; apps/api/src/admin/pages.controller.ts,packages/server/src/admin/pages.integration.test.ts; packages/server/src/admin/publication.integration.test.ts; tests/e2e/cms-publication.spec.ts; tests/e2e/editor-operations.spec.ts; tests/e2e/admin-navigation.spec.ts,verified-code; final-code-parity acceptance; operations excluded by owner,docs/migration/administration-and-editor.md; evidence/administration/summary.json; docs/migration/final-code-parity.md; docs/migration/evidence/final-code-parity/acceptance-map.json
API-039,GET /api/admin/pages,"guardApi(req, ""pages.view"");; guardApi(req, ""pages.edit"");",Query/body/path/files as defined in source,Exact source HTTP status/headers/body; synthetic contract capture required,Valid input and authorized actor,Validation/auth/ownership/conflict/rate-limit/storage failures,page,src/app/api/admin/pages/route.ts,packages/server/src/admin/pages.ts; packages/server/src/admin/publication.ts; apps/api/src/admin/pages.controller.ts,packages/server/src/admin/pages.integration.test.ts; packages/server/src/admin/publication.integration.test.ts; tests/e2e/cms-publication.spec.ts; tests/e2e/editor-operations.spec.ts; tests/e2e/admin-navigation.spec.ts,verified-code; final-code-parity acceptance; operations excluded by owner,docs/migration/administration-and-editor.md; evidence/administration/summary.json; docs/migration/final-code-parity.md; docs/migration/evidence/final-code-parity/acceptance-map.json
API-040,POST /api/admin/pages,"guardApi(req, ""pages.view"");; guardApi(req, ""pages.edit"");",Query/body/path/files as defined in source,Exact source HTTP status/headers/body; synthetic contract capture required,Valid input and authorized actor,Validation/auth/ownership/conflict/rate-limit/storage failures,page,src/app/api/admin/pages/route.ts,packages/server/src/admin/pages.ts; packages/server/src/admin/publication.ts; apps/api/src/admin/pages.controller.ts,packages/server/src/admin/pages.integration.test.ts; packages/server/src/admin/publication.integration.test.ts; tests/e2e/cms-publication.spec.ts; tests/e2e/editor-operations.spec.ts; tests/e2e/admin-navigation.spec.ts,verified-code; final-code-parity acceptance; operations excluded by owner,docs/migration/administration-and-editor.md; evidence/administration/summary.json; docs/migration/final-code-parity.md; docs/migration/evidence/final-code-parity/acceptance-map.json
API-041,GET /api/admin/requests/[id],"guardApi(req, ""requests.view.all"");; guardApi(req);",Query/body/path/files as defined in source,Exact source HTTP status/headers/body; synthetic contract capture required,Valid input and authorized actor,Validation/auth/ownership/conflict/rate-limit/storage failures,"projectRequest,requestMessage,requestStatusEvent,user",src/app/api/admin/requests/[id]/route.ts,packages/server/src/admin/operations.ts; packages/server/src/admin/conversations.ts; packages/server/src/admin/dashboard.ts; apps/api/src/admin/operations.controller.ts,packages/server/src/admin/operations.integration.test.ts; tests/e2e/admin-configuration.spec.ts; tests/e2e/role-contracts.spec.ts; tests/e2e/support-operations.spec.ts; tests/e2e/admin-navigation.spec.ts,verified-code; final-code-parity acceptance; operations excluded by owner,docs/migration/administration-and-editor.md; evidence/administration/summary.json; docs/migration/final-code-parity.md; docs/migration/evidence/final-code-parity/acceptance-map.json
API-042,PATCH /api/admin/requests/[id],"guardApi(req, ""requests.view.all"");; guardApi(req);",Query/body/path/files as defined in source,Exact source HTTP status/headers/body; synthetic contract capture required,Valid input and authorized actor,Validation/auth/ownership/conflict/rate-limit/storage failures,"projectRequest,requestMessage,requestStatusEvent,user",src/app/api/admin/requests/[id]/route.ts,packages/server/src/admin/operations.ts; packages/server/src/admin/conversations.ts; packages/server/src/admin/dashboard.ts; apps/api/src/admin/operations.controller.ts,packages/server/src/admin/operations.integration.test.ts; tests/e2e/admin-configuration.spec.ts; tests/e2e/role-contracts.spec.ts; tests/e2e/support-operations.spec.ts; tests/e2e/admin-navigation.spec.ts,verified-code; final-code-parity acceptance; operations excluded by owner,docs/migration/administration-and-editor.md; evidence/administration/summary.json; docs/migration/final-code-parity.md; docs/migration/evidence/final-code-parity/acceptance-map.json
API-043,POST /api/admin/requests/bulk,guardApi(req);,Query/body/path/files as defined in source,Exact source HTTP status/headers/body; synthetic contract capture required,Valid input and authorized actor,Validation/auth/ownership/conflict/rate-limit/storage failures,projectRequest,src/app/api/admin/requests/bulk/route.ts,packages/server/src/admin/operations.ts; packages/server/src/admin/conversations.ts; packages/server/src/admin/dashboard.ts; apps/api/src/admin/operations.controller.ts,packages/server/src/admin/operations.integration.test.ts; tests/e2e/admin-configuration.spec.ts; tests/e2e/role-contracts.spec.ts; tests/e2e/support-operations.spec.ts; tests/e2e/admin-navigation.spec.ts,verified-code; final-code-parity acceptance; operations excluded by owner,docs/migration/administration-and-editor.md; evidence/administration/summary.json; docs/migration/final-code-parity.md; docs/migration/evidence/final-code-parity/acceptance-map.json
API-044,GET /api/admin/requests/export,"guardApi(req, ""requests.export"");",Query/body/path/files as defined in source,Exact source HTTP status/headers/body; synthetic contract capture required,Valid input and authorized actor,Validation/auth/ownership/conflict/rate-limit/storage failures,projectRequest,src/app/api/admin/requests/export/route.ts,packages/server/src/admin/operations.ts; packages/server/src/admin/conversations.ts; packages/server/src/admin/dashboard.ts; apps/api/src/admin/operations.controller.ts,packages/server/src/admin/operations.integration.test.ts; tests/e2e/admin-configuration.spec.ts; tests/e2e/role-contracts.spec.ts; tests/e2e/support-operations.spec.ts; tests/e2e/admin-navigation.spec.ts,verified-code; final-code-parity acceptance; operations excluded by owner,docs/migration/administration-and-editor.md; evidence/administration/summary.json; docs/migration/final-code-parity.md; docs/migration/evidence/final-code-parity/acceptance-map.json
API-045,GET /api/admin/requests,"guardApi(req, ""requests.view.all"");",Query/body/path/files as defined in source,Exact source HTTP status/headers/body; synthetic contract capture required,Valid input and authorized actor,Validation/auth/ownership/conflict/rate-limit/storage failures,"projectRequest,requestMessage,user",src/app/api/admin/requests/route.ts,packages/server/src/admin/operations.ts; packages/server/src/admin/conversations.ts; packages/server/src/admin/dashboard.ts; apps/api/src/admin/operations.controller.ts,packages/server/src/admin/operations.integration.test.ts; tests/e2e/admin-configuration.spec.ts; tests/e2e/role-contracts.spec.ts; tests/e2e/support-operations.spec.ts; tests/e2e/admin-navigation.spec.ts,verified-code; final-code-parity acceptance; operations excluded by owner,docs/migration/administration-and-editor.md; evidence/administration/summary.json; docs/migration/final-code-parity.md; docs/migration/evidence/final-code-parity/acceptance-map.json
API-046,PATCH /api/admin/saved-replies/[id],"guardApi(req, ""requests.reply"");; guardApi(req, ""requests.reply"");",Query/body/path/files as defined in source,Exact source HTTP status/headers/body; synthetic contract capture required,Valid input and authorized actor,Validation/auth/ownership/conflict/rate-limit/storage failures,savedReply,src/app/api/admin/saved-replies/[id]/route.ts,packages/server/src/admin/operations.ts; packages/server/src/admin/conversations.ts; packages/server/src/admin/dashboard.ts; apps/api/src/admin/operations.controller.ts,packages/server/src/admin/operations.integration.test.ts; tests/e2e/admin-configuration.spec.ts; tests/e2e/role-contracts.spec.ts; tests/e2e/support-operations.spec.ts; tests/e2e/admin-navigation.spec.ts,verified-code; final-code-parity acceptance; operations excluded by owner,docs/migration/administration-and-editor.md; evidence/administration/summary.json; docs/migration/final-code-parity.md; docs/migration/evidence/final-code-parity/acceptance-map.json
API-047,DELETE /api/admin/saved-replies/[id],"guardApi(req, ""requests.reply"");; guardApi(req, ""requests.reply"");",Query/body/path/files as defined in source,Exact source HTTP status/headers/body; synthetic contract capture required,Valid input and authorized actor,Validation/auth/ownership/conflict/rate-limit/storage failures,savedReply,src/app/api/admin/saved-replies/[id]/route.ts,packages/server/src/admin/operations.ts; packages/server/src/admin/conversations.ts; packages/server/src/admin/dashboard.ts; apps/api/src/admin/operations.controller.ts,packages/server/src/admin/operations.integration.test.ts; tests/e2e/admin-configuration.spec.ts; tests/e2e/role-contracts.spec.ts; tests/e2e/support-operations.spec.ts; tests/e2e/admin-navigation.spec.ts,verified-code; final-code-parity acceptance; operations excluded by owner,docs/migration/administration-and-editor.md; evidence/administration/summary.json; docs/migration/final-code-parity.md; docs/migration/evidence/final-code-parity/acceptance-map.json
API-048,GET /api/admin/saved-replies,"guardApi(req, ""requests.view.all"");; guardApi(req, ""requests.reply"");",Query/body/path/files as defined in source,Exact source HTTP status/headers/body; synthetic contract capture required,Valid input and authorized actor,Validation/auth/ownership/conflict/rate-limit/storage failures,savedReply,src/app/api/admin/saved-replies/route.ts,packages/server/src/admin/operations.ts; packages/server/src/admin/conversations.ts; packages/server/src/admin/dashboard.ts; apps/api/src/admin/operations.controller.ts,packages/server/src/admin/operations.integration.test.ts; tests/e2e/admin-configuration.spec.ts; tests/e2e/role-contracts.spec.ts; tests/e2e/support-operations.spec.ts; tests/e2e/admin-navigation.spec.ts,verified-code; final-code-parity acceptance; operations excluded by owner,docs/migration/administration-and-editor.md; evidence/administration/summary.json; docs/migration/final-code-parity.md; docs/migration/evidence/final-code-parity/acceptance-map.json
API-049,POST /api/admin/saved-replies,"guardApi(req, ""requests.view.all"");; guardApi(req, ""requests.reply"");",Query/body/path/files as defined in source,Exact source HTTP status/headers/body; synthetic contract capture required,Valid input and authorized actor,Validation/auth/ownership/conflict/rate-limit/storage failures,savedReply,src/app/api/admin/saved-replies/route.ts,packages/server/src/admin/operations.ts; packages/server/src/admin/conversations.ts; packages/server/src/admin/dashboard.ts; apps/api/src/admin/operations.controller.ts,packages/server/src/admin/operations.integration.test.ts; tests/e2e/admin-configuration.spec.ts; tests/e2e/role-contracts.spec.ts; tests/e2e/support-operations.spec.ts; tests/e2e/admin-navigation.spec.ts,verified-code; final-code-parity acceptance; operations excluded by owner,docs/migration/administration-and-editor.md; evidence/administration/summary.json; docs/migration/final-code-parity.md; docs/migration/evidence/final-code-parity/acceptance-map.json
API-050,GET /api/admin/search,"guardApi(req, ""admin.dashboard"");",Query/body/path/files as defined in source,Exact source HTTP status/headers/body; synthetic contract capture required,Valid input and authorized actor,Validation/auth/ownership/conflict/rate-limit/storage failures,"inquiry,page,projectRequest,user",src/app/api/admin/search/route.ts,packages/server/src/admin/operations.ts; packages/server/src/admin/conversations.ts; packages/server/src/admin/dashboard.ts; apps/api/src/admin/operations.controller.ts,packages/server/src/admin/operations.integration.test.ts; tests/e2e/admin-configuration.spec.ts; tests/e2e/role-contracts.spec.ts; tests/e2e/support-operations.spec.ts; tests/e2e/admin-navigation.spec.ts,verified-code; final-code-parity acceptance; operations excluded by owner,docs/migration/administration-and-editor.md; evidence/administration/summary.json; docs/migration/final-code-parity.md; docs/migration/evidence/final-code-parity/acceptance-map.json
API-051,GET /api/admin/settings,"guardApi(req, ""settings.manage"");; guardApi(req, ""settings.manage"");",Query/body/path/files as defined in source,Exact source HTTP status/headers/body; synthetic contract capture required,Valid input and authorized actor,Validation/auth/ownership/conflict/rate-limit/storage failures,siteSetting,src/app/api/admin/settings/route.ts,packages/server/src/admin/operations.ts; packages/server/src/admin/conversations.ts; packages/server/src/admin/dashboard.ts; apps/api/src/admin/operations.controller.ts,packages/server/src/admin/operations.integration.test.ts; tests/e2e/admin-configuration.spec.ts; tests/e2e/role-contracts.spec.ts; tests/e2e/support-operations.spec.ts; tests/e2e/admin-navigation.spec.ts,verified-code; final-code-parity acceptance; operations excluded by owner,docs/migration/administration-and-editor.md; evidence/administration/summary.json; docs/migration/final-code-parity.md; docs/migration/evidence/final-code-parity/acceptance-map.json
API-052,PATCH /api/admin/settings,"guardApi(req, ""settings.manage"");; guardApi(req, ""settings.manage"");",Query/body/path/files as defined in source,Exact source HTTP status/headers/body; synthetic contract capture required,Valid input and authorized actor,Validation/auth/ownership/conflict/rate-limit/storage failures,siteSetting,src/app/api/admin/settings/route.ts,packages/server/src/admin/operations.ts; packages/server/src/admin/conversations.ts; packages/server/src/admin/dashboard.ts; apps/api/src/admin/operations.controller.ts,packages/server/src/admin/operations.integration.test.ts; tests/e2e/admin-configuration.spec.ts; tests/e2e/role-contracts.spec.ts; tests/e2e/support-operations.spec.ts; tests/e2e/admin-navigation.spec.ts,verified-code; final-code-parity acceptance; operations excluded by owner,docs/migration/administration-and-editor.md; evidence/administration/summary.json; docs/migration/final-code-parity.md; docs/migration/evidence/final-code-parity/acceptance-map.json
API-053,GET /api/admin/users/[id],users.view,User ID and current server session,Safe profile; original counts/recent requests/audit; operational session summary,Existing user,401/403/404; no password or session token/fingerprint exposure,"auditLog,authSession,projectRequest,role,user",src/app/api/admin/users/[id]/route.ts,packages/server/src/admin/users.ts; apps/api/src/admin/users.controller.ts,packages/server/src/admin/users.integration.test.ts; tests/e2e/admin-users.spec.ts; tests/e2e/admin-navigation.spec.ts,verified-code; final-code-parity acceptance; operations excluded by owner,docs/migration/user-administration.md; tests/e2e/admin-users.spec.ts; docs/migration/final-code-parity.md; docs/migration/evidence/final-code-parity/acceptance-map.json
API-054,PATCH /api/admin/users/[id],users.update; users.roles for role; users.suspend for status,ID; name/phone/company/roleKey/status,Safe updated user and committed audit,Authorized field changes and suspension session revocation atomically,401/403/404; invalid 400; concurrent last-admin 409; transaction rollback,"auditLog,authSession,projectRequest,role,user",src/app/api/admin/users/[id]/route.ts,packages/server/src/admin/users.ts; apps/api/src/admin/users.controller.ts,packages/server/src/admin/users.integration.test.ts; tests/e2e/admin-users.spec.ts; tests/e2e/admin-navigation.spec.ts,verified-code; final-code-parity acceptance; operations excluded by owner,docs/migration/user-administration.md; tests/e2e/admin-users.spec.ts; docs/migration/final-code-parity.md; docs/migration/evidence/final-code-parity/acceptance-map.json
API-055,GET /api/admin/users,users.view,q/role/status/sort/dir/page,20-row page; total; safe fields; owned/assigned counts,Bound search and original sort/filter behavior,401/403; invalid DTO; no secret fields,"user,userInvite",src/app/api/admin/users/route.ts,packages/server/src/admin/users.ts; apps/api/src/admin/users.controller.ts,packages/server/src/admin/users.integration.test.ts; tests/e2e/admin-users.spec.ts; tests/e2e/admin-navigation.spec.ts,verified-code; final-code-parity acceptance; operations excluded by owner,docs/migration/user-administration.md; tests/e2e/admin-users.spec.ts; docs/migration/final-code-parity.md; docs/migration/evidence/final-code-parity/acceptance-map.json
API-056,POST /api/admin/users,users.create; users.roles for non-client invitations,Normalized email; roleKey; current actor; malformed attempts count,201 queued email status; seven-day single-use invitation hash; encrypted mail and audit,One transaction and one pending invitation under concurrent attempts,400 invalid; 403; 409 email_taken/invite_pending; 429; rollback on outbox/audit failure,"user,userInvite",src/app/api/admin/users/route.ts,packages/server/src/admin/users.ts; apps/api/src/admin/users.controller.ts,packages/server/src/admin/users.integration.test.ts; tests/e2e/admin-users.spec.ts; tests/e2e/admin-navigation.spec.ts,verified-code; final-code-parity acceptance; operations excluded by owner,docs/migration/user-administration.md; tests/e2e/admin-users.spec.ts; docs/migration/final-code-parity.md; docs/migration/evidence/final-code-parity/acceptance-map.json
API-057,GET /api/attachments/[id],Public images only; private files require parent ownership/assigned staff; media.upload or media.manage per operation,Multipart file/requestId or media metadata; original MIME/signature/size limits and truncation,Original JSON/status or authorized actual file bytes and source headers,Allowed actor; valid content; atomic metadata and durable physical storage,401/403; unknown record; internal-note client denial; closed request; invalid MIME/signature; oversize; traversal/symlink; storage failure,Attachment; MediaItem; ProjectRequest; AuditLog; Notification; FileCleanupJob,src/app/api/attachments/[id]/route.ts,packages/server/src/files/service.ts; packages/server/src/files/media-usage.ts,packages/server/src/files/files.integration.test.ts; packages/server/src/files/media-library.integration.test.ts; tests/e2e/files-claims.spec.ts; tests/e2e/media-library.spec.ts,verified-code; final-code-parity acceptance; operations excluded by owner,docs/migration/files-and-claims.md; evidence/files-and-claims/; docs/migration/final-code-parity.md; docs/migration/evidence/final-code-parity/acceptance-map.json
API-058,POST /api/attachments,Public images only; private files require parent ownership/assigned staff; media.upload or media.manage per operation,Multipart file/requestId or media metadata; original MIME/signature/size limits and truncation,Original JSON/status or authorized actual file bytes and source headers,Allowed actor; valid content; atomic metadata and durable physical storage,401/403; unknown record; internal-note client denial; closed request; invalid MIME/signature; oversize; traversal/symlink; storage failure,Attachment; MediaItem; ProjectRequest; AuditLog; Notification; FileCleanupJob,src/app/api/attachments/route.ts,packages/server/src/files/service.ts; packages/server/src/files/media-usage.ts,packages/server/src/files/files.integration.test.ts; packages/server/src/files/media-library.integration.test.ts; tests/e2e/files-claims.spec.ts; tests/e2e/media-library.spec.ts,verified-code; final-code-parity acceptance; operations excluded by owner,docs/migration/files-and-claims.md; evidence/files-and-claims/; docs/migration/final-code-parity.md; docs/migration/evidence/final-code-parity/acceptance-map.json
API-059,GET /api/auth/[...nextauth],Inspect handler authorization,Query/body/path/files as defined in source,Exact source HTTP status/headers/body; synthetic contract capture required,Valid input and authorized actor,Validation/auth/ownership/conflict/rate-limit/storage failures,User; AuthSession; signed CSRF cookie; no credential payload in responses,src/app/api/auth/[...nextauth]/route.ts,packages/server/src/auth/service.ts; apps/api/src/auth/controller.ts; apps/web/src/screens/auth.tsx,packages/server/src/auth/auth.integration.test.ts; tests/e2e/auth-public.spec.ts; tests/e2e/auth-compatibility.spec.ts; tests/e2e/login-hydration.spec.ts; tests/e2e/admin-users.spec.ts; tests/e2e/invite-ui.spec.ts,verified-code; final-code-parity acceptance; operations excluded by owner,docs/migration/authentication.md; evidence/authentication/; evidence/client-portal/; docs/migration/final-code-parity.md; docs/migration/evidence/final-code-parity/acceptance-map.json
API-060,POST /api/auth/[...nextauth],Inspect handler authorization,Query/body/path/files as defined in source,Exact source HTTP status/headers/body; synthetic contract capture required,Valid input and authorized actor,Validation/auth/ownership/conflict/rate-limit/storage failures,User; AuthSession; RateLimitBucket; AuditLog; session and CSRF cookies,src/app/api/auth/[...nextauth]/route.ts,packages/server/src/auth/service.ts; apps/api/src/auth/controller.ts; apps/web/src/screens/auth.tsx,packages/server/src/auth/auth.integration.test.ts; tests/e2e/auth-public.spec.ts; tests/e2e/auth-compatibility.spec.ts; tests/e2e/login-hydration.spec.ts; tests/e2e/admin-users.spec.ts; tests/e2e/invite-ui.spec.ts,verified-code; final-code-parity acceptance; operations excluded by owner,docs/migration/authentication.md; evidence/authentication/; evidence/client-portal/; docs/migration/final-code-parity.md; docs/migration/evidence/final-code-parity/acceptance-map.json
API-061,POST /api/auth/change-password,Current authenticated account for password/session changes; public registration/recovery; valid one-use proof for verification/reset/invite,Original credential/profile/token fields; server CSRF/Origin policy; legacy and v1 aliases,Original success/error shape and redirect semantics; queued email status explicitly distinguished from sent,Bcrypt verification; atomic one-use token transitions; opaque server sessions and scoped active devices,Wrong/expired/used proof; password field errors; account lock/suspension; CSRF rejection; cross-account session denial; mail enqueue rollback,"authSession,user",src/app/api/auth/change-password/route.ts,packages/server/src/auth/service.ts; apps/api/src/auth/controller.ts; apps/web/src/screens/auth.tsx,packages/server/src/auth/auth.integration.test.ts; tests/e2e/auth-public.spec.ts; tests/e2e/auth-compatibility.spec.ts; tests/e2e/login-hydration.spec.ts; tests/e2e/admin-users.spec.ts; tests/e2e/invite-ui.spec.ts,verified-code; final-code-parity acceptance; operations excluded by owner,docs/migration/authentication.md; evidence/authentication/; evidence/client-portal/; docs/migration/final-code-parity.md; docs/migration/evidence/final-code-parity/acceptance-map.json
API-062,POST /api/auth/forgot-password,Current authenticated account for password/session changes; public registration/recovery; valid one-use proof for verification/reset/invite,Original credential/profile/token fields; server CSRF/Origin policy; legacy and v1 aliases,Original success/error shape and redirect semantics; queued email status explicitly distinguished from sent,Bcrypt verification; atomic one-use token transitions; opaque server sessions and scoped active devices,Wrong/expired/used proof; password field errors; account lock/suspension; CSRF rejection; cross-account session denial; mail enqueue rollback,user,src/app/api/auth/forgot-password/route.ts,packages/server/src/auth/service.ts; apps/api/src/auth/controller.ts; apps/web/src/screens/auth.tsx,packages/server/src/auth/auth.integration.test.ts; tests/e2e/auth-public.spec.ts; tests/e2e/auth-compatibility.spec.ts; tests/e2e/login-hydration.spec.ts; tests/e2e/admin-users.spec.ts; tests/e2e/invite-ui.spec.ts,verified-code; final-code-parity acceptance; operations excluded by owner,docs/migration/authentication.md; evidence/authentication/; evidence/client-portal/; docs/migration/final-code-parity.md; docs/migration/evidence/final-code-parity/acceptance-map.json
API-063,POST /api/auth/invite,Current authenticated account for password/session changes; public registration/recovery; valid one-use proof for verification/reset/invite,Original credential/profile/token fields; server CSRF/Origin policy; legacy and v1 aliases,Original success/error shape and redirect semantics; queued email status explicitly distinguished from sent,Bcrypt verification; atomic one-use token transitions; opaque server sessions and scoped active devices,Wrong/expired/used proof; password field errors; account lock/suspension; CSRF rejection; cross-account session denial; mail enqueue rollback,"user,userInvite",src/app/api/auth/invite/route.ts,packages/server/src/auth/service.ts; apps/api/src/auth/controller.ts; apps/web/src/screens/auth.tsx,packages/server/src/auth/auth.integration.test.ts; tests/e2e/auth-public.spec.ts; tests/e2e/auth-compatibility.spec.ts; tests/e2e/login-hydration.spec.ts; tests/e2e/admin-users.spec.ts; tests/e2e/invite-ui.spec.ts,verified-code; final-code-parity acceptance; operations excluded by owner,docs/migration/authentication.md; evidence/authentication/; evidence/client-portal/; docs/migration/final-code-parity.md; docs/migration/evidence/final-code-parity/acceptance-map.json
API-064,POST /api/auth/register,Current authenticated account for password/session changes; public registration/recovery; valid one-use proof for verification/reset/invite,Original credential/profile/token fields; server CSRF/Origin policy; legacy and v1 aliases,Original success/error shape and redirect semantics; queued email status explicitly distinguished from sent,Bcrypt verification; atomic one-use token transitions; opaque server sessions and scoped active devices,Wrong/expired/used proof; password field errors; account lock/suspension; CSRF rejection; cross-account session denial; mail enqueue rollback,user,src/app/api/auth/register/route.ts,packages/server/src/auth/service.ts; apps/api/src/auth/controller.ts; apps/web/src/screens/auth.tsx,packages/server/src/auth/auth.integration.test.ts; tests/e2e/auth-public.spec.ts; tests/e2e/auth-compatibility.spec.ts; tests/e2e/login-hydration.spec.ts; tests/e2e/admin-users.spec.ts; tests/e2e/invite-ui.spec.ts,verified-code; final-code-parity acceptance; operations excluded by owner,docs/migration/authentication.md; evidence/authentication/; evidence/client-portal/; docs/migration/final-code-parity.md; docs/migration/evidence/final-code-parity/acceptance-map.json
API-065,POST /api/auth/reset-password,Current authenticated account for password/session changes; public registration/recovery; valid one-use proof for verification/reset/invite,Original credential/profile/token fields; server CSRF/Origin policy; legacy and v1 aliases,Original success/error shape and redirect semantics; queued email status explicitly distinguished from sent,Bcrypt verification; atomic one-use token transitions; opaque server sessions and scoped active devices,Wrong/expired/used proof; password field errors; account lock/suspension; CSRF rejection; cross-account session denial; mail enqueue rollback,"authSession,authToken,user",src/app/api/auth/reset-password/route.ts,packages/server/src/auth/service.ts; apps/api/src/auth/controller.ts; apps/web/src/screens/auth.tsx,packages/server/src/auth/auth.integration.test.ts; tests/e2e/auth-public.spec.ts; tests/e2e/auth-compatibility.spec.ts; tests/e2e/login-hydration.spec.ts; tests/e2e/admin-users.spec.ts; tests/e2e/invite-ui.spec.ts,verified-code; final-code-parity acceptance; operations excluded by owner,docs/migration/authentication.md; evidence/authentication/; evidence/client-portal/; docs/migration/final-code-parity.md; docs/migration/evidence/final-code-parity/acceptance-map.json
API-066,GET /api/auth/sessions,Current authenticated account for password/session changes; public registration/recovery; valid one-use proof for verification/reset/invite,Original credential/profile/token fields; server CSRF/Origin policy; legacy and v1 aliases,Original success/error shape and redirect semantics; queued email status explicitly distinguished from sent,Bcrypt verification; atomic one-use token transitions; opaque server sessions and scoped active devices,Wrong/expired/used proof; password field errors; account lock/suspension; CSRF rejection; cross-account session denial; mail enqueue rollback,"authSession,user",src/app/api/auth/sessions/route.ts,packages/server/src/auth/service.ts; apps/api/src/auth/controller.ts; apps/web/src/screens/auth.tsx,packages/server/src/auth/auth.integration.test.ts; tests/e2e/auth-public.spec.ts; tests/e2e/auth-compatibility.spec.ts; tests/e2e/login-hydration.spec.ts; tests/e2e/admin-users.spec.ts; tests/e2e/invite-ui.spec.ts,verified-code; final-code-parity acceptance; operations excluded by owner,docs/migration/authentication.md; evidence/authentication/; evidence/client-portal/; docs/migration/final-code-parity.md; docs/migration/evidence/final-code-parity/acceptance-map.json
API-067,POST /api/auth/sessions,Current authenticated account for password/session changes; public registration/recovery; valid one-use proof for verification/reset/invite,Original credential/profile/token fields; server CSRF/Origin policy; legacy and v1 aliases,Original success/error shape and redirect semantics; queued email status explicitly distinguished from sent,Bcrypt verification; atomic one-use token transitions; opaque server sessions and scoped active devices,Wrong/expired/used proof; password field errors; account lock/suspension; CSRF rejection; cross-account session denial; mail enqueue rollback,"authSession,user",src/app/api/auth/sessions/route.ts,packages/server/src/auth/service.ts; apps/api/src/auth/controller.ts; apps/web/src/screens/auth.tsx,packages/server/src/auth/auth.integration.test.ts; tests/e2e/auth-public.spec.ts; tests/e2e/auth-compatibility.spec.ts; tests/e2e/login-hydration.spec.ts; tests/e2e/admin-users.spec.ts; tests/e2e/invite-ui.spec.ts,verified-code; final-code-parity acceptance; operations excluded by owner,docs/migration/authentication.md; evidence/authentication/; evidence/client-portal/; docs/migration/final-code-parity.md; docs/migration/evidence/final-code-parity/acceptance-map.json
API-068,GET /api/auth/verify-email,Current authenticated account for password/session changes; public registration/recovery; valid one-use proof for verification/reset/invite,Original credential/profile/token fields; server CSRF/Origin policy; legacy and v1 aliases,Original success/error shape and redirect semantics; queued email status explicitly distinguished from sent,Bcrypt verification; atomic one-use token transitions; opaque server sessions and scoped active devices,Wrong/expired/used proof; password field errors; account lock/suspension; CSRF rejection; cross-account session denial; mail enqueue rollback,user,src/app/api/auth/verify-email/route.ts,packages/server/src/auth/service.ts; apps/api/src/auth/controller.ts; apps/web/src/screens/auth.tsx,packages/server/src/auth/auth.integration.test.ts; tests/e2e/auth-public.spec.ts; tests/e2e/auth-compatibility.spec.ts; tests/e2e/login-hydration.spec.ts; tests/e2e/admin-users.spec.ts; tests/e2e/invite-ui.spec.ts,verified-code; final-code-parity acceptance; operations excluded by owner,docs/migration/authentication.md; evidence/authentication/; evidence/client-portal/; docs/migration/final-code-parity.md; docs/migration/evidence/final-code-parity/acceptance-map.json
API-069,GET /api/health/ready,Inspect handler authorization,Query/body/path/files as defined in source,Exact source HTTP status/headers/body; synthetic contract capture required,Valid input and authorized actor,Validation/auth/ownership/conflict/rate-limit/storage failures,Database connectivity and schema readiness; no business record mutation,src/app/api/health/ready/route.ts,apps/api/src/main.ts,tests/e2e/api-inventory.spec.ts,verified-code; final-code-parity acceptance; operations excluded by owner,Source pinned; behavioral evidence pending; docs/migration/final-code-parity.md; docs/migration/evidence/final-code-parity/acceptance-map.json
API-070,POST /api/inquiries,Public; session-owned clientId when authenticated,Original body/query/path fields; server-derived actor; original normalization and limits,Original status/body shape; legacy and v1 aliases; documented draft/internal-attachment corrections,Valid input and authorized actor,Validation/auth/ownership/conflict/rate-limit/storage failures,inquiry,src/app/api/inquiries/route.ts,packages/server/src/business/submissions.ts; apps/api/src/business/controller.ts,packages/server/src/business/submissions.integration.test.ts; tests/e2e/submissions.spec.ts,verified-code; final-code-parity acceptance; operations excluded by owner,docs/migration/evidence/business-services; business-services.md; docs/migration/final-code-parity.md; docs/migration/evidence/final-code-parity/acceptance-map.json
API-071,GET /api/media/[id],Public images only; private files require parent ownership/assigned staff; media.upload or media.manage per operation,Multipart file/requestId or media metadata; original MIME/signature/size limits and truncation,Original JSON/status or authorized actual file bytes and source headers,Allowed actor; valid content; atomic metadata and durable physical storage,401/403; unknown record; internal-note client denial; closed request; invalid MIME/signature; oversize; traversal/symlink; storage failure,Attachment; MediaItem; ProjectRequest; AuditLog; Notification; FileCleanupJob,src/app/api/media/[id]/route.ts,packages/server/src/files/service.ts; packages/server/src/files/media-usage.ts,packages/server/src/files/files.integration.test.ts; packages/server/src/files/media-library.integration.test.ts; tests/e2e/files-claims.spec.ts; tests/e2e/media-library.spec.ts,verified-code; final-code-parity acceptance; operations excluded by owner,docs/migration/files-and-claims.md; evidence/files-and-claims/; docs/migration/final-code-parity.md; docs/migration/evidence/final-code-parity/acceptance-map.json
API-072,POST /api/requests,Public; session-owned clientId when authenticated,Original body/query/path fields; server-derived actor; original normalization and limits,Original status/body shape; legacy and v1 aliases; documented draft/internal-attachment corrections,Valid input and authorized actor,Validation/auth/ownership/conflict/rate-limit/storage failures,projectRequest,src/app/api/requests/route.ts,packages/server/src/business/submissions.ts; apps/api/src/business/controller.ts,packages/server/src/business/submissions.integration.test.ts; tests/e2e/submissions.spec.ts,verified-code; final-code-parity acceptance; operations excluded by owner,docs/migration/evidence/business-services; business-services.md; docs/migration/final-code-parity.md; docs/migration/evidence/final-code-parity/acceptance-map.json
UI-073,/[locale]/[[...slug]],Source layout/handler guards,URL/query/session/interaction,Source rendered screen and behavior,Authorized navigation and actions,Guard/empty/error states,See page and API dependencies,src/app/[locale]/[[...slug]]/page.tsx,apps/api/src/public.service.ts; apps/web/src/screens/cms.tsx; apps/web/src/screens; apps/api/src/public.service.ts,tests/e2e/publication.spec.ts; tests/e2e/cms-publication.spec.ts; tests/e2e/auth-public.spec.ts; tests/e2e/submissions.spec.ts; tests/e2e/public-visibility.spec.ts,verified-code; final-code-parity acceptance; operations excluded by owner,docs/migration/evidence/public-auth-ui; public-and-auth-ui.md; docs/migration/final-code-parity.md; docs/migration/evidence/final-code-parity/acceptance-map.json
UI-074,/[locale]/account/inquiries/[id],Authenticated client or staff; ownership/assignment scope; server session,Original locale/path/query/form/dialog/file inputs and scoped account data,"Original screen, translated labels, responsive shell, title, links and operation outcomes",SSR/reload; draft restore/save; request/inquiry/claim/profile/security/notifications journeys,Unauthenticated 307; server field errors; cross-record rejection; invalid/used proof; file rejection; session invalidation,User; AuthSession; ProjectRequest; Inquiry; messages; Attachment; RequestDraft; RequestClaim; Notification; outbox,src/app/[locale]/account/inquiries/[id]/page.tsx,apps/api/src/business/controller.ts; packages/server/src/business/account.ts; packages/server/src/business/requests.ts; packages/server/src/business/inquiries.ts; apps/web/src/screens; apps/api/src/public.service.ts,packages/server/src/business/portal.integration.test.ts; tests/e2e/account-portal.spec.ts; tests/e2e/profile-hydration.spec.ts; tests/e2e/role-contracts.spec.ts,verified-code; final-code-parity acceptance; operations excluded by owner,docs/migration/client-portal.md; evidence/client-portal/; docs/migration/final-code-parity.md; docs/migration/evidence/final-code-parity/acceptance-map.json
UI-075,/[locale]/account/inquiries,Authenticated client or staff; ownership/assignment scope; server session,Original locale/path/query/form/dialog/file inputs and scoped account data,"Original screen, translated labels, responsive shell, title, links and operation outcomes",SSR/reload; draft restore/save; request/inquiry/claim/profile/security/notifications journeys,Unauthenticated 307; server field errors; cross-record rejection; invalid/used proof; file rejection; session invalidation,User; AuthSession; ProjectRequest; Inquiry; messages; Attachment; RequestDraft; RequestClaim; Notification; outbox,src/app/[locale]/account/inquiries/page.tsx,apps/api/src/business/controller.ts; packages/server/src/business/account.ts; packages/server/src/business/requests.ts; packages/server/src/business/inquiries.ts; apps/web/src/screens; apps/api/src/public.service.ts,packages/server/src/business/portal.integration.test.ts; tests/e2e/account-portal.spec.ts; tests/e2e/profile-hydration.spec.ts; tests/e2e/role-contracts.spec.ts,verified-code; final-code-parity acceptance; operations excluded by owner,docs/migration/client-portal.md; evidence/client-portal/; docs/migration/final-code-parity.md; docs/migration/evidence/final-code-parity/acceptance-map.json
UI-076,/[locale]/account/notifications,Authenticated client or staff; ownership/assignment scope; server session,Original locale/path/query/form/dialog/file inputs and scoped account data,"Original screen, translated labels, responsive shell, title, links and operation outcomes",SSR/reload; draft restore/save; request/inquiry/claim/profile/security/notifications journeys,Unauthenticated 307; server field errors; cross-record rejection; invalid/used proof; file rejection; session invalidation,User; AuthSession; ProjectRequest; Inquiry; messages; Attachment; RequestDraft; RequestClaim; Notification; outbox,src/app/[locale]/account/notifications/page.tsx,apps/api/src/business/controller.ts; packages/server/src/business/account.ts; packages/server/src/business/requests.ts; packages/server/src/business/inquiries.ts; apps/web/src/screens; apps/api/src/public.service.ts,packages/server/src/business/portal.integration.test.ts; tests/e2e/account-portal.spec.ts; tests/e2e/profile-hydration.spec.ts; tests/e2e/role-contracts.spec.ts,verified-code; final-code-parity acceptance; operations excluded by owner,docs/migration/client-portal.md; evidence/client-portal/; docs/migration/final-code-parity.md; docs/migration/evidence/final-code-parity/acceptance-map.json
UI-077,/[locale]/account,Authenticated client or staff; ownership/assignment scope; server session,Original locale/path/query/form/dialog/file inputs and scoped account data,"Original screen, translated labels, responsive shell, title, links and operation outcomes",SSR/reload; draft restore/save; request/inquiry/claim/profile/security/notifications journeys,Unauthenticated 307; server field errors; cross-record rejection; invalid/used proof; file rejection; session invalidation,User; AuthSession; ProjectRequest; Inquiry; messages; Attachment; RequestDraft; RequestClaim; Notification; outbox,src/app/[locale]/account/page.tsx,apps/api/src/business/controller.ts; packages/server/src/business/account.ts; packages/server/src/business/requests.ts; packages/server/src/business/inquiries.ts; apps/web/src/screens; apps/api/src/public.service.ts,packages/server/src/business/portal.integration.test.ts; tests/e2e/account-portal.spec.ts; tests/e2e/profile-hydration.spec.ts; tests/e2e/role-contracts.spec.ts,verified-code; final-code-parity acceptance; operations excluded by owner,docs/migration/client-portal.md; evidence/client-portal/; docs/migration/final-code-parity.md; docs/migration/evidence/final-code-parity/acceptance-map.json
UI-078,/[locale]/account/profile,Authenticated client or staff; ownership/assignment scope; server session,Original locale/path/query/form/dialog/file inputs and scoped account data,"Original screen, translated labels, responsive shell, title, links and operation outcomes",SSR/reload; draft restore/save; request/inquiry/claim/profile/security/notifications journeys,Unauthenticated 307; server field errors; cross-record rejection; invalid/used proof; file rejection; session invalidation,User; AuthSession; ProjectRequest; Inquiry; messages; Attachment; RequestDraft; RequestClaim; Notification; outbox,src/app/[locale]/account/profile/page.tsx,apps/api/src/business/controller.ts; packages/server/src/business/account.ts; packages/server/src/business/requests.ts; packages/server/src/business/inquiries.ts; apps/web/src/screens; apps/api/src/public.service.ts,packages/server/src/business/portal.integration.test.ts; tests/e2e/account-portal.spec.ts; tests/e2e/profile-hydration.spec.ts; tests/e2e/role-contracts.spec.ts,verified-code; final-code-parity acceptance; operations excluded by owner,docs/migration/client-portal.md; evidence/client-portal/; docs/migration/final-code-parity.md; docs/migration/evidence/final-code-parity/acceptance-map.json
UI-079,/[locale]/account/requests/[id],Authenticated client or staff; ownership/assignment scope; server session,Original locale/path/query/form/dialog/file inputs and scoped account data,"Original screen, translated labels, responsive shell, title, links and operation outcomes",SSR/reload; draft restore/save; request/inquiry/claim/profile/security/notifications journeys,Unauthenticated 307; server field errors; cross-record rejection; invalid/used proof; file rejection; session invalidation,User; AuthSession; ProjectRequest; Inquiry; messages; Attachment; RequestDraft; RequestClaim; Notification; outbox,src/app/[locale]/account/requests/[id]/page.tsx,apps/api/src/business/controller.ts; packages/server/src/business/account.ts; packages/server/src/business/requests.ts; packages/server/src/business/inquiries.ts; apps/web/src/screens; apps/api/src/public.service.ts,packages/server/src/business/portal.integration.test.ts; tests/e2e/account-portal.spec.ts; tests/e2e/profile-hydration.spec.ts; tests/e2e/role-contracts.spec.ts,verified-code; final-code-parity acceptance; operations excluded by owner,docs/migration/client-portal.md; evidence/client-portal/; docs/migration/final-code-parity.md; docs/migration/evidence/final-code-parity/acceptance-map.json
UI-080,/[locale]/account/requests/new,Authenticated client or staff; ownership/assignment scope; server session,Original locale/path/query/form/dialog/file inputs and scoped account data,"Original screen, translated labels, responsive shell, title, links and operation outcomes",SSR/reload; draft restore/save; request/inquiry/claim/profile/security/notifications journeys,Unauthenticated 307; server field errors; cross-record rejection; invalid/used proof; file rejection; session invalidation,User; AuthSession; ProjectRequest; Inquiry; messages; Attachment; RequestDraft; RequestClaim; Notification; outbox,src/app/[locale]/account/requests/new/page.tsx,apps/api/src/business/controller.ts; packages/server/src/business/account.ts; packages/server/src/business/requests.ts; packages/server/src/business/inquiries.ts; apps/web/src/screens; apps/api/src/public.service.ts,packages/server/src/business/portal.integration.test.ts; tests/e2e/account-portal.spec.ts; tests/e2e/profile-hydration.spec.ts; tests/e2e/role-contracts.spec.ts,verified-code; final-code-parity acceptance; operations excluded by owner,docs/migration/client-portal.md; evidence/client-portal/; docs/migration/final-code-parity.md; docs/migration/evidence/final-code-parity/acceptance-map.json
UI-081,/[locale]/account/requests,Authenticated client or staff; ownership/assignment scope; server session,Original locale/path/query/form/dialog/file inputs and scoped account data,"Original screen, translated labels, responsive shell, title, links and operation outcomes",SSR/reload; draft restore/save; request/inquiry/claim/profile/security/notifications journeys,Unauthenticated 307; server field errors; cross-record rejection; invalid/used proof; file rejection; session invalidation,User; AuthSession; ProjectRequest; Inquiry; messages; Attachment; RequestDraft; RequestClaim; Notification; outbox,src/app/[locale]/account/requests/page.tsx,apps/api/src/business/controller.ts; packages/server/src/business/account.ts; packages/server/src/business/requests.ts; packages/server/src/business/inquiries.ts; apps/web/src/screens; apps/api/src/public.service.ts,packages/server/src/business/portal.integration.test.ts; tests/e2e/account-portal.spec.ts; tests/e2e/profile-hydration.spec.ts; tests/e2e/role-contracts.spec.ts,verified-code; final-code-parity acceptance; operations excluded by owner,docs/migration/client-portal.md; evidence/client-portal/; docs/migration/final-code-parity.md; docs/migration/evidence/final-code-parity/acceptance-map.json
UI-082,/[locale]/account/security,Authenticated client or staff; ownership/assignment scope; server session,Original locale/path/query/form/dialog/file inputs and scoped account data,"Original screen, translated labels, responsive shell, title, links and operation outcomes",SSR/reload; draft restore/save; request/inquiry/claim/profile/security/notifications journeys,Unauthenticated 307; server field errors; cross-record rejection; invalid/used proof; file rejection; session invalidation,User; AuthSession; ProjectRequest; Inquiry; messages; Attachment; RequestDraft; RequestClaim; Notification; outbox,src/app/[locale]/account/security/page.tsx,apps/api/src/business/controller.ts; packages/server/src/business/account.ts; packages/server/src/business/requests.ts; packages/server/src/business/inquiries.ts; apps/web/src/screens; apps/api/src/public.service.ts,packages/server/src/business/portal.integration.test.ts; tests/e2e/account-portal.spec.ts; tests/e2e/profile-hydration.spec.ts; tests/e2e/role-contracts.spec.ts,verified-code; final-code-parity acceptance; operations excluded by owner,docs/migration/client-portal.md; evidence/client-portal/; docs/migration/final-code-parity.md; docs/migration/evidence/final-code-parity/acceptance-map.json
UI-083,/[locale]/admin/audit,Server session and original per-screen permission; client redirects to account; unauthorized section redirects to dashboard,URL/query/session/interaction,Source rendered screen and behavior,Authorized navigation and actions,Guard/empty/error states,See page and API dependencies,src/app/[locale]/admin/audit/page.tsx,packages/server/src/admin/operations.ts; packages/server/src/admin/conversations.ts; packages/server/src/admin/dashboard.ts; apps/api/src/admin/operations.controller.ts; apps/web/src/screens; apps/api/src/public.service.ts,packages/server/src/admin/operations.integration.test.ts; tests/e2e/admin-configuration.spec.ts; tests/e2e/role-contracts.spec.ts; tests/e2e/support-operations.spec.ts; tests/e2e/admin-navigation.spec.ts,verified-code; final-code-parity acceptance; operations excluded by owner,docs/migration/administration-and-editor.md; evidence/administration/summary.json; admin-file-map.json; docs/migration/final-code-parity.md; docs/migration/evidence/final-code-parity/acceptance-map.json
UI-084,/[locale]/admin/inquiries/[id],Server session and original per-screen permission; client redirects to account; unauthorized section redirects to dashboard,URL/query/session/interaction,Source rendered screen and behavior,Authorized navigation and actions,Guard/empty/error states,See page and API dependencies,src/app/[locale]/admin/inquiries/[id]/page.tsx,packages/server/src/admin/operations.ts; packages/server/src/admin/conversations.ts; packages/server/src/admin/dashboard.ts; apps/api/src/admin/operations.controller.ts; apps/web/src/screens; apps/api/src/public.service.ts,packages/server/src/admin/operations.integration.test.ts; tests/e2e/admin-configuration.spec.ts; tests/e2e/role-contracts.spec.ts; tests/e2e/support-operations.spec.ts; tests/e2e/admin-navigation.spec.ts,verified-code; final-code-parity acceptance; operations excluded by owner,docs/migration/administration-and-editor.md; evidence/administration/summary.json; admin-file-map.json; docs/migration/final-code-parity.md; docs/migration/evidence/final-code-parity/acceptance-map.json
UI-085,/[locale]/admin/inquiries,Server session and original per-screen permission; client redirects to account; unauthorized section redirects to dashboard,URL/query/session/interaction,Source rendered screen and behavior,Authorized navigation and actions,Guard/empty/error states,See page and API dependencies,src/app/[locale]/admin/inquiries/page.tsx,packages/server/src/admin/operations.ts; packages/server/src/admin/conversations.ts; packages/server/src/admin/dashboard.ts; apps/api/src/admin/operations.controller.ts; apps/web/src/screens; apps/api/src/public.service.ts,packages/server/src/admin/operations.integration.test.ts; tests/e2e/admin-configuration.spec.ts; tests/e2e/role-contracts.spec.ts; tests/e2e/support-operations.spec.ts; tests/e2e/admin-navigation.spec.ts,verified-code; final-code-parity acceptance; operations excluded by owner,docs/migration/administration-and-editor.md; evidence/administration/summary.json; admin-file-map.json; docs/migration/final-code-parity.md; docs/migration/evidence/final-code-parity/acceptance-map.json
UI-086,/[locale]/admin/media,media.manage for list/update/delete; media.upload for upload; super_admin or granted permission,Legacy/v1 paths; multipart image; folder <=60; search <=100; usage in_use/unused; page; metadata,Paginated media with folder/usageCount; global unusedTotal/folders; persisted metadata; 409 media_in_use usage locations,Upload; search/folder/usage filters; edit; delete unused image; actual image bytes; durable cleanup,401/403; invalid image/folder; unknown ID; used file 409; concurrent CMS mutation; dangling media reference 409,MediaItem; Page draft/published blocks and settings; PageTemplate; AuditLog; FileCleanupJob,src/app/[locale]/admin/media/page.tsx,packages/server/src/files/service.ts; packages/server/src/files/media-usage.ts; apps/web/src/screens; apps/api/src/public.service.ts,packages/server/src/files/files.integration.test.ts; packages/server/src/files/media-library.integration.test.ts; tests/e2e/files-claims.spec.ts; tests/e2e/media-library.spec.ts,verified-code; final-code-parity acceptance; operations excluded by owner,docs/migration/media-library.md; tests/e2e/media-library.spec.ts; packages/server/src/files/media-library.integration.test.ts; docs/migration/final-code-parity.md; docs/migration/evidence/final-code-parity/acceptance-map.json
UI-087,/[locale]/admin/menus,Server session and original per-screen permission; client redirects to account; unauthorized section redirects to dashboard,URL/query/session/interaction,Source rendered screen and behavior,Authorized navigation and actions,Guard/empty/error states,See page and API dependencies,src/app/[locale]/admin/menus/page.tsx,packages/server/src/admin/operations.ts; packages/server/src/admin/conversations.ts; packages/server/src/admin/dashboard.ts; apps/api/src/admin/operations.controller.ts; apps/web/src/screens; apps/api/src/public.service.ts,packages/server/src/admin/operations.integration.test.ts; tests/e2e/admin-configuration.spec.ts; tests/e2e/role-contracts.spec.ts; tests/e2e/support-operations.spec.ts; tests/e2e/admin-navigation.spec.ts,verified-code; final-code-parity acceptance; operations excluded by owner,docs/migration/administration-and-editor.md; evidence/administration/summary.json; admin-file-map.json; docs/migration/final-code-parity.md; docs/migration/evidence/final-code-parity/acceptance-map.json
UI-088,/[locale]/admin/notifications,Server session and original per-screen permission; client redirects to account; unauthorized section redirects to dashboard,URL/query/session/interaction,Source rendered screen and behavior,Authorized navigation and actions,Guard/empty/error states,See page and API dependencies,src/app/[locale]/admin/notifications/page.tsx,packages/server/src/admin/operations.ts; packages/server/src/admin/conversations.ts; packages/server/src/admin/dashboard.ts; apps/api/src/admin/operations.controller.ts; apps/web/src/screens; apps/api/src/public.service.ts,packages/server/src/admin/operations.integration.test.ts; tests/e2e/admin-configuration.spec.ts; tests/e2e/role-contracts.spec.ts; tests/e2e/support-operations.spec.ts; tests/e2e/admin-navigation.spec.ts,verified-code; final-code-parity acceptance; operations excluded by owner,docs/migration/administration-and-editor.md; evidence/administration/summary.json; admin-file-map.json; docs/migration/final-code-parity.md; docs/migration/evidence/final-code-parity/acceptance-map.json
UI-089,/[locale]/admin/outbox,Server session and original per-screen permission; client redirects to account; unauthorized section redirects to dashboard,URL/query/session/interaction,Source rendered screen and behavior,Authorized navigation and actions,Guard/empty/error states,See page and API dependencies,src/app/[locale]/admin/outbox/page.tsx,packages/server/src/admin/operations.ts; packages/server/src/admin/conversations.ts; packages/server/src/admin/dashboard.ts; apps/api/src/admin/operations.controller.ts; apps/web/src/screens; apps/api/src/public.service.ts,packages/server/src/admin/operations.integration.test.ts; tests/e2e/admin-configuration.spec.ts; tests/e2e/role-contracts.spec.ts; tests/e2e/support-operations.spec.ts; tests/e2e/admin-navigation.spec.ts,verified-code; final-code-parity acceptance; operations excluded by owner,docs/migration/administration-and-editor.md; evidence/administration/summary.json; admin-file-map.json; reference-isolation.md; docs/migration/final-code-parity.md; docs/migration/evidence/final-code-parity/acceptance-map.json
UI-090,/[locale]/admin,Server session and original per-screen permission; client redirects to account; unauthorized section redirects to dashboard,URL/query/session/interaction,Source rendered screen and behavior,Authorized navigation and actions,Guard/empty/error states,See page and API dependencies,src/app/[locale]/admin/page.tsx,packages/server/src/admin/operations.ts; packages/server/src/admin/conversations.ts; packages/server/src/admin/dashboard.ts; apps/api/src/admin/operations.controller.ts; apps/web/src/screens; apps/api/src/public.service.ts,packages/server/src/admin/operations.integration.test.ts; tests/e2e/admin-configuration.spec.ts; tests/e2e/role-contracts.spec.ts; tests/e2e/support-operations.spec.ts; tests/e2e/admin-navigation.spec.ts,verified-code; final-code-parity acceptance; operations excluded by owner,docs/migration/administration-and-editor.md; evidence/administration/summary.json; admin-file-map.json; docs/migration/final-code-parity.md; docs/migration/evidence/final-code-parity/acceptance-map.json
UI-091,/[locale]/admin/pages/[id]/edit,Server session and original per-screen permission; client redirects to account; unauthorized section redirects to dashboard,URL/query/session/interaction,Source rendered screen and behavior,Authorized navigation and actions,Guard/empty/error states,See page and API dependencies,src/app/[locale]/admin/pages/[id]/edit/page.tsx,packages/server/src/admin/pages.ts; packages/server/src/admin/publication.ts; apps/api/src/admin/pages.controller.ts; apps/web/src/screens; apps/api/src/public.service.ts,packages/server/src/admin/pages.integration.test.ts; packages/server/src/admin/publication.integration.test.ts; tests/e2e/cms-publication.spec.ts; tests/e2e/editor-operations.spec.ts; tests/e2e/admin-navigation.spec.ts,verified-code; final-code-parity acceptance; operations excluded by owner,docs/migration/administration-and-editor.md; evidence/administration/summary.json; admin-file-map.json; docs/migration/final-code-parity.md; docs/migration/evidence/final-code-parity/acceptance-map.json
UI-092,/[locale]/admin/pages/[id]/preview,Server session and original per-screen permission; client redirects to account; unauthorized section redirects to dashboard,URL/query/session/interaction,Source rendered screen and behavior,Authorized navigation and actions,Guard/empty/error states,See page and API dependencies,src/app/[locale]/admin/pages/[id]/preview/page.tsx,packages/server/src/admin/pages.ts; packages/server/src/admin/publication.ts; apps/api/src/admin/pages.controller.ts; apps/web/src/screens; apps/api/src/public.service.ts,packages/server/src/admin/pages.integration.test.ts; packages/server/src/admin/publication.integration.test.ts; tests/e2e/cms-publication.spec.ts; tests/e2e/editor-operations.spec.ts; tests/e2e/admin-navigation.spec.ts,verified-code; final-code-parity acceptance; operations excluded by owner,docs/migration/administration-and-editor.md; evidence/administration/summary.json; admin-file-map.json; docs/migration/final-code-parity.md; docs/migration/evidence/final-code-parity/acceptance-map.json
UI-093,/[locale]/admin/pages,Server session and original per-screen permission; client redirects to account; unauthorized section redirects to dashboard,URL/query/session/interaction,Source rendered screen and behavior,Authorized navigation and actions,Guard/empty/error states,See page and API dependencies,src/app/[locale]/admin/pages/page.tsx,packages/server/src/admin/pages.ts; packages/server/src/admin/publication.ts; apps/api/src/admin/pages.controller.ts; apps/web/src/screens; apps/api/src/public.service.ts,packages/server/src/admin/pages.integration.test.ts; packages/server/src/admin/publication.integration.test.ts; tests/e2e/cms-publication.spec.ts; tests/e2e/editor-operations.spec.ts; tests/e2e/admin-navigation.spec.ts,verified-code; final-code-parity acceptance; operations excluded by owner,docs/migration/administration-and-editor.md; evidence/administration/summary.json; admin-file-map.json; docs/migration/final-code-parity.md; docs/migration/evidence/final-code-parity/acceptance-map.json
UI-094,/[locale]/admin/requests/[id],Server session and original per-screen permission; client redirects to account; unauthorized section redirects to dashboard,URL/query/session/interaction,Source rendered screen and behavior,Authorized navigation and actions,Guard/empty/error states,See page and API dependencies,src/app/[locale]/admin/requests/[id]/page.tsx,packages/server/src/admin/operations.ts; packages/server/src/admin/conversations.ts; packages/server/src/admin/dashboard.ts; apps/api/src/admin/operations.controller.ts; apps/web/src/screens; apps/api/src/public.service.ts,packages/server/src/admin/operations.integration.test.ts; tests/e2e/admin-configuration.spec.ts; tests/e2e/role-contracts.spec.ts; tests/e2e/support-operations.spec.ts; tests/e2e/admin-navigation.spec.ts,verified-code; final-code-parity acceptance; operations excluded by owner,docs/migration/administration-and-editor.md; evidence/administration/summary.json; admin-file-map.json; docs/migration/final-code-parity.md; docs/migration/evidence/final-code-parity/acceptance-map.json
UI-095,/[locale]/admin/requests,Server session and original per-screen permission; client redirects to account; unauthorized section redirects to dashboard,URL/query/session/interaction,Source rendered screen and behavior,Authorized navigation and actions,Guard/empty/error states,See page and API dependencies,src/app/[locale]/admin/requests/page.tsx,packages/server/src/admin/operations.ts; packages/server/src/admin/conversations.ts; packages/server/src/admin/dashboard.ts; apps/api/src/admin/operations.controller.ts; apps/web/src/screens; apps/api/src/public.service.ts,packages/server/src/admin/operations.integration.test.ts; tests/e2e/admin-configuration.spec.ts; tests/e2e/role-contracts.spec.ts; tests/e2e/support-operations.spec.ts; tests/e2e/admin-navigation.spec.ts,verified-code; final-code-parity acceptance; operations excluded by owner,docs/migration/administration-and-editor.md; evidence/administration/summary.json; admin-file-map.json; docs/migration/final-code-parity.md; docs/migration/evidence/final-code-parity/acceptance-map.json
UI-096,/[locale]/admin/settings,Server session and original per-screen permission; client redirects to account; unauthorized section redirects to dashboard,URL/query/session/interaction,Source rendered screen and behavior,Authorized navigation and actions,Guard/empty/error states,See page and API dependencies,src/app/[locale]/admin/settings/page.tsx,packages/server/src/admin/operations.ts; packages/server/src/admin/conversations.ts; packages/server/src/admin/dashboard.ts; apps/api/src/admin/operations.controller.ts; apps/web/src/screens; apps/api/src/public.service.ts,packages/server/src/admin/operations.integration.test.ts; tests/e2e/admin-configuration.spec.ts; tests/e2e/role-contracts.spec.ts; tests/e2e/support-operations.spec.ts; tests/e2e/admin-navigation.spec.ts,verified-code; final-code-parity acceptance; operations excluded by owner,docs/migration/administration-and-editor.md; evidence/administration/summary.json; admin-file-map.json; docs/migration/final-code-parity.md; docs/migration/evidence/final-code-parity/acceptance-map.json
UI-097,/[locale]/admin/users/[id],Server session and original per-screen permission; client redirects to account; unauthorized section redirects to dashboard,URL/query/session/interaction,Source rendered screen and behavior,Authorized navigation and actions,Guard/empty/error states,See page and API dependencies,src/app/[locale]/admin/users/[id]/page.tsx,packages/server/src/admin/users.ts; apps/api/src/admin/users.controller.ts; apps/web/src/screens; apps/api/src/public.service.ts,packages/server/src/admin/users.integration.test.ts; tests/e2e/admin-users.spec.ts; tests/e2e/admin-navigation.spec.ts,verified-code; final-code-parity acceptance; operations excluded by owner,docs/migration/administration-and-editor.md; evidence/administration/summary.json; admin-file-map.json; docs/migration/final-code-parity.md; docs/migration/evidence/final-code-parity/acceptance-map.json
UI-098,/[locale]/admin/users,Server session and original per-screen permission; client redirects to account; unauthorized section redirects to dashboard,URL/query/session/interaction,Source rendered screen and behavior,Authorized navigation and actions,Guard/empty/error states,See page and API dependencies,src/app/[locale]/admin/users/page.tsx,packages/server/src/admin/users.ts; apps/api/src/admin/users.controller.ts; apps/web/src/screens; apps/api/src/public.service.ts,packages/server/src/admin/users.integration.test.ts; tests/e2e/admin-users.spec.ts; tests/e2e/admin-navigation.spec.ts,verified-code; final-code-parity acceptance; operations excluded by owner,docs/migration/administration-and-editor.md; evidence/administration/summary.json; admin-file-map.json; docs/migration/final-code-parity.md; docs/migration/evidence/final-code-parity/acceptance-map.json
UI-099,/[locale]/auth/forgot-password,Public; current account for session-dependent actions,URL/query/session/interaction,Source rendered screen and behavior,Authorized navigation and actions,Guard/empty/error states,See page and API dependencies,src/app/[locale]/auth/forgot-password/page.tsx,packages/server/src/auth/service.ts; apps/api/src/auth/controller.ts; apps/web/src/screens/auth.tsx; apps/web/src/screens; apps/api/src/public.service.ts,packages/server/src/auth/auth.integration.test.ts; tests/e2e/auth-public.spec.ts; tests/e2e/auth-compatibility.spec.ts; tests/e2e/login-hydration.spec.ts; tests/e2e/admin-users.spec.ts; tests/e2e/invite-ui.spec.ts,verified-code; final-code-parity acceptance; operations excluded by owner,docs/migration/evidence/public-auth-ui; see public-and-auth-ui.md for unaccepted private journeys; docs/migration/final-code-parity.md; docs/migration/evidence/final-code-parity/acceptance-map.json
UI-100,/[locale]/auth/invite,Public; current account for session-dependent actions,URL/query/session/interaction,Source rendered screen and behavior,Authorized navigation and actions,Guard/empty/error states,See page and API dependencies,src/app/[locale]/auth/invite/page.tsx,packages/server/src/auth/service.ts; apps/api/src/auth/controller.ts; apps/web/src/screens/auth.tsx; apps/web/src/screens; apps/api/src/public.service.ts,packages/server/src/auth/auth.integration.test.ts; tests/e2e/auth-public.spec.ts; tests/e2e/auth-compatibility.spec.ts; tests/e2e/login-hydration.spec.ts; tests/e2e/admin-users.spec.ts; tests/e2e/invite-ui.spec.ts,verified-code; final-code-parity acceptance; operations excluded by owner,docs/migration/evidence/public-auth-ui; see public-and-auth-ui.md for unaccepted private journeys; docs/migration/final-code-parity.md; docs/migration/evidence/final-code-parity/acceptance-map.json
UI-101,/[locale]/auth/login,Public; current account for session-dependent actions,URL/query/session/interaction,Source rendered screen and behavior,Authorized navigation and actions,Guard/empty/error states,See page and API dependencies,src/app/[locale]/auth/login/page.tsx,packages/server/src/auth/service.ts; apps/api/src/auth/controller.ts; apps/web/src/screens/auth.tsx; apps/web/src/screens; apps/api/src/public.service.ts,packages/server/src/auth/auth.integration.test.ts; tests/e2e/auth-public.spec.ts; tests/e2e/auth-compatibility.spec.ts; tests/e2e/login-hydration.spec.ts; tests/e2e/admin-users.spec.ts; tests/e2e/invite-ui.spec.ts,verified-code; final-code-parity acceptance; operations excluded by owner,docs/migration/evidence/public-auth-ui; see public-and-auth-ui.md for unaccepted private journeys; docs/migration/final-code-parity.md; docs/migration/evidence/final-code-parity/acceptance-map.json
UI-102,/[locale]/auth/logout,Public; current account for session-dependent actions,URL/query/session/interaction,Source rendered screen and behavior,Authorized navigation and actions,Guard/empty/error states,See page and API dependencies,src/app/[locale]/auth/logout/page.tsx,packages/server/src/auth/service.ts; apps/api/src/auth/controller.ts; apps/web/src/screens/auth.tsx; apps/web/src/screens; apps/api/src/public.service.ts,packages/server/src/auth/auth.integration.test.ts; tests/e2e/auth-public.spec.ts; tests/e2e/auth-compatibility.spec.ts; tests/e2e/login-hydration.spec.ts; tests/e2e/admin-users.spec.ts; tests/e2e/invite-ui.spec.ts,verified-code; final-code-parity acceptance; operations excluded by owner,docs/migration/evidence/public-auth-ui; see public-and-auth-ui.md for unaccepted private journeys; docs/migration/final-code-parity.md; docs/migration/evidence/final-code-parity/acceptance-map.json
UI-103,/[locale]/auth/register,Public; current account for session-dependent actions,URL/query/session/interaction,Source rendered screen and behavior,Authorized navigation and actions,Guard/empty/error states,See page and API dependencies,src/app/[locale]/auth/register/page.tsx,packages/server/src/auth/service.ts; apps/api/src/auth/controller.ts; apps/web/src/screens/auth.tsx; apps/web/src/screens; apps/api/src/public.service.ts,packages/server/src/auth/auth.integration.test.ts; tests/e2e/auth-public.spec.ts; tests/e2e/auth-compatibility.spec.ts; tests/e2e/login-hydration.spec.ts; tests/e2e/admin-users.spec.ts; tests/e2e/invite-ui.spec.ts,verified-code; final-code-parity acceptance; operations excluded by owner,docs/migration/evidence/public-auth-ui; see public-and-auth-ui.md for unaccepted private journeys; docs/migration/final-code-parity.md; docs/migration/evidence/final-code-parity/acceptance-map.json
UI-104,/[locale]/auth/reset-password,Public; current account for session-dependent actions,URL/query/session/interaction,Source rendered screen and behavior,Authorized navigation and actions,Guard/empty/error states,See page and API dependencies,src/app/[locale]/auth/reset-password/page.tsx,packages/server/src/auth/service.ts; apps/api/src/auth/controller.ts; apps/web/src/screens/auth.tsx; apps/web/src/screens; apps/api/src/public.service.ts,packages/server/src/auth/auth.integration.test.ts; tests/e2e/auth-public.spec.ts; tests/e2e/auth-compatibility.spec.ts; tests/e2e/login-hydration.spec.ts; tests/e2e/admin-users.spec.ts; tests/e2e/invite-ui.spec.ts,verified-code; final-code-parity acceptance; operations excluded by owner,docs/migration/evidence/public-auth-ui; see public-and-auth-ui.md for unaccepted private journeys; docs/migration/final-code-parity.md; docs/migration/evidence/final-code-parity/acceptance-map.json
UI-105,/[locale]/auth/verified,Public; current account for session-dependent actions,URL/query/session/interaction,Source rendered screen and behavior,Authorized navigation and actions,Guard/empty/error states,See page and API dependencies,src/app/[locale]/auth/verified/page.tsx,packages/server/src/auth/service.ts; apps/api/src/auth/controller.ts; apps/web/src/screens/auth.tsx; apps/web/src/screens; apps/api/src/public.service.ts,packages/server/src/auth/auth.integration.test.ts; tests/e2e/auth-public.spec.ts; tests/e2e/auth-compatibility.spec.ts; tests/e2e/login-hydration.spec.ts; tests/e2e/admin-users.spec.ts; tests/e2e/invite-ui.spec.ts,verified-code; final-code-parity acceptance; operations excluded by owner,docs/migration/evidence/public-auth-ui; see public-and-auth-ui.md for unaccepted private journeys; docs/migration/final-code-parity.md; docs/migration/evidence/final-code-parity/acceptance-map.json
BLOCK-hero,CMS editor and public renderer,pages.edit / pages.publish; public visibility,"All schema props, styling, device visibility",Equivalent edit/preview/published rendering,Source-derived valid/invalid/normalized property cases; property editing and nested lists; persisted bilingual content; editor lifecycle and published renderer,Invalid props/conflict/permission rejection,Page draft/published JSON and PageVersion,src/lib/blocks/types.ts + renderers,apps/web/src/components/admin/editor/props-form.tsx; packages/contracts/src/blocks.ts; packages/server/src/admin/pages.ts,apps/web/src/components/admin/editor/props-interactions.test.tsx; packages/contracts/src/source-block-parity.test.ts; packages/server/src/admin/pages.integration.test.ts; tests/e2e/editor-properties.spec.ts; tests/e2e/editor-operations.spec.ts; tests/e2e/tree-editor.spec.ts,verified-code; final-code-parity acceptance; operations excluded by owner,Pinned schema; docs/migration/final-code-parity.md; docs/migration/evidence/final-code-parity/acceptance-map.json
BLOCK-servicesGrid,CMS editor and public renderer,pages.edit / pages.publish; public visibility,"All schema props, styling, device visibility",Equivalent edit/preview/published rendering,Source-derived valid/invalid/normalized property cases; property editing and nested lists; persisted bilingual content; editor lifecycle and published renderer,Invalid props/conflict/permission rejection,Page draft/published JSON and PageVersion,src/lib/blocks/types.ts + renderers,apps/web/src/components/admin/editor/props-form.tsx; packages/contracts/src/blocks.ts; packages/server/src/admin/pages.ts,apps/web/src/components/admin/editor/props-interactions.test.tsx; packages/contracts/src/source-block-parity.test.ts; packages/server/src/admin/pages.integration.test.ts; tests/e2e/editor-properties.spec.ts; tests/e2e/editor-operations.spec.ts; tests/e2e/tree-editor.spec.ts,verified-code; final-code-parity acceptance; operations excluded by owner,Pinned schema; docs/migration/final-code-parity.md; docs/migration/evidence/final-code-parity/acceptance-map.json
BLOCK-featureGrid,CMS editor and public renderer,pages.edit / pages.publish; public visibility,"All schema props, styling, device visibility",Equivalent edit/preview/published rendering,Source-derived valid/invalid/normalized property cases; property editing and nested lists; persisted bilingual content; editor lifecycle and published renderer,Invalid props/conflict/permission rejection,Page draft/published JSON and PageVersion,src/lib/blocks/types.ts + renderers,apps/web/src/components/admin/editor/props-form.tsx; packages/contracts/src/blocks.ts; packages/server/src/admin/pages.ts,apps/web/src/components/admin/editor/props-interactions.test.tsx; packages/contracts/src/source-block-parity.test.ts; packages/server/src/admin/pages.integration.test.ts; tests/e2e/editor-properties.spec.ts; tests/e2e/editor-operations.spec.ts; tests/e2e/tree-editor.spec.ts,verified-code; final-code-parity acceptance; operations excluded by owner,Pinned schema; docs/migration/final-code-parity.md; docs/migration/evidence/final-code-parity/acceptance-map.json
BLOCK-worksShowcase,CMS editor and public renderer,pages.edit / pages.publish; public visibility,"All schema props, styling, device visibility",Equivalent edit/preview/published rendering,Source-derived valid/invalid/normalized property cases; property editing and nested lists; persisted bilingual content; editor lifecycle and published renderer,Invalid props/conflict/permission rejection,Page draft/published JSON and PageVersion,src/lib/blocks/types.ts + renderers,apps/web/src/components/admin/editor/props-form.tsx; packages/contracts/src/blocks.ts; packages/server/src/admin/pages.ts,apps/web/src/components/admin/editor/props-interactions.test.tsx; packages/contracts/src/source-block-parity.test.ts; packages/server/src/admin/pages.integration.test.ts; tests/e2e/editor-properties.spec.ts; tests/e2e/editor-operations.spec.ts; tests/e2e/tree-editor.spec.ts,verified-code; final-code-parity acceptance; operations excluded by owner,Pinned schema; docs/migration/final-code-parity.md; docs/migration/evidence/final-code-parity/acceptance-map.json
BLOCK-processSteps,CMS editor and public renderer,pages.edit / pages.publish; public visibility,"All schema props, styling, device visibility",Equivalent edit/preview/published rendering,Source-derived valid/invalid/normalized property cases; property editing and nested lists; persisted bilingual content; editor lifecycle and published renderer,Invalid props/conflict/permission rejection,Page draft/published JSON and PageVersion,src/lib/blocks/types.ts + renderers,apps/web/src/components/admin/editor/props-form.tsx; packages/contracts/src/blocks.ts; packages/server/src/admin/pages.ts,apps/web/src/components/admin/editor/props-interactions.test.tsx; packages/contracts/src/source-block-parity.test.ts; packages/server/src/admin/pages.integration.test.ts; tests/e2e/editor-properties.spec.ts; tests/e2e/editor-operations.spec.ts; tests/e2e/tree-editor.spec.ts,verified-code; final-code-parity acceptance; operations excluded by owner,Pinned schema; docs/migration/final-code-parity.md; docs/migration/evidence/final-code-parity/acceptance-map.json
BLOCK-faqSection,CMS editor and public renderer,pages.edit / pages.publish; public visibility,"All schema props, styling, device visibility",Equivalent edit/preview/published rendering,Source-derived valid/invalid/normalized property cases; property editing and nested lists; persisted bilingual content; editor lifecycle and published renderer,Invalid props/conflict/permission rejection,Page draft/published JSON and PageVersion,src/lib/blocks/types.ts + renderers,apps/web/src/components/admin/editor/props-form.tsx; packages/contracts/src/blocks.ts; packages/server/src/admin/pages.ts,apps/web/src/components/admin/editor/props-interactions.test.tsx; packages/contracts/src/source-block-parity.test.ts; packages/server/src/admin/pages.integration.test.ts; tests/e2e/editor-properties.spec.ts; tests/e2e/editor-operations.spec.ts; tests/e2e/tree-editor.spec.ts,verified-code; final-code-parity acceptance; operations excluded by owner,Pinned schema; docs/migration/final-code-parity.md; docs/migration/evidence/final-code-parity/acceptance-map.json
BLOCK-ctaSection,CMS editor and public renderer,pages.edit / pages.publish; public visibility,"All schema props, styling, device visibility",Equivalent edit/preview/published rendering,Source-derived valid/invalid/normalized property cases; property editing and nested lists; persisted bilingual content; editor lifecycle and published renderer,Invalid props/conflict/permission rejection,Page draft/published JSON and PageVersion,src/lib/blocks/types.ts + renderers,apps/web/src/components/admin/editor/props-form.tsx; packages/contracts/src/blocks.ts; packages/server/src/admin/pages.ts,apps/web/src/components/admin/editor/props-interactions.test.tsx; packages/contracts/src/source-block-parity.test.ts; packages/server/src/admin/pages.integration.test.ts; tests/e2e/editor-properties.spec.ts; tests/e2e/editor-operations.spec.ts; tests/e2e/tree-editor.spec.ts,verified-code; final-code-parity acceptance; operations excluded by owner,Pinned schema; docs/migration/final-code-parity.md; docs/migration/evidence/final-code-parity/acceptance-map.json
BLOCK-pageHeader,CMS editor and public renderer,pages.edit / pages.publish; public visibility,"All schema props, styling, device visibility",Equivalent edit/preview/published rendering,Source-derived valid/invalid/normalized property cases; property editing and nested lists; persisted bilingual content; editor lifecycle and published renderer,Invalid props/conflict/permission rejection,Page draft/published JSON and PageVersion,src/lib/blocks/types.ts + renderers,apps/web/src/components/admin/editor/props-form.tsx; packages/contracts/src/blocks.ts; packages/server/src/admin/pages.ts,apps/web/src/components/admin/editor/props-interactions.test.tsx; packages/contracts/src/source-block-parity.test.ts; packages/server/src/admin/pages.integration.test.ts; tests/e2e/editor-properties.spec.ts; tests/e2e/editor-operations.spec.ts; tests/e2e/tree-editor.spec.ts,verified-code; final-code-parity acceptance; operations excluded by owner,Pinned schema; docs/migration/final-code-parity.md; docs/migration/evidence/final-code-parity/acceptance-map.json
BLOCK-richText,CMS editor and public renderer,pages.edit / pages.publish; public visibility,"All schema props, styling, device visibility",Equivalent edit/preview/published rendering,Source-derived valid/invalid/normalized property cases; property editing and nested lists; persisted bilingual content; editor lifecycle and published renderer,Invalid props/conflict/permission rejection,Page draft/published JSON and PageVersion,src/lib/blocks/types.ts + renderers,apps/web/src/components/admin/editor/props-form.tsx; packages/contracts/src/blocks.ts; packages/server/src/admin/pages.ts,apps/web/src/components/admin/editor/props-interactions.test.tsx; packages/contracts/src/source-block-parity.test.ts; packages/server/src/admin/pages.integration.test.ts; tests/e2e/editor-properties.spec.ts; tests/e2e/editor-operations.spec.ts; tests/e2e/tree-editor.spec.ts,verified-code; final-code-parity acceptance; operations excluded by owner,Pinned schema; docs/migration/final-code-parity.md; docs/migration/evidence/final-code-parity/acceptance-map.json
BLOCK-visionMission,CMS editor and public renderer,pages.edit / pages.publish; public visibility,"All schema props, styling, device visibility",Equivalent edit/preview/published rendering,Source-derived valid/invalid/normalized property cases; property editing and nested lists; persisted bilingual content; editor lifecycle and published renderer,Invalid props/conflict/permission rejection,Page draft/published JSON and PageVersion,src/lib/blocks/types.ts + renderers,apps/web/src/components/admin/editor/props-form.tsx; packages/contracts/src/blocks.ts; packages/server/src/admin/pages.ts,apps/web/src/components/admin/editor/props-interactions.test.tsx; packages/contracts/src/source-block-parity.test.ts; packages/server/src/admin/pages.integration.test.ts; tests/e2e/editor-properties.spec.ts; tests/e2e/editor-operations.spec.ts; tests/e2e/tree-editor.spec.ts,verified-code; final-code-parity acceptance; operations excluded by owner,Pinned schema; docs/migration/final-code-parity.md; docs/migration/evidence/final-code-parity/acceptance-map.json
BLOCK-numberedValues,CMS editor and public renderer,pages.edit / pages.publish; public visibility,"All schema props, styling, device visibility",Equivalent edit/preview/published rendering,Source-derived valid/invalid/normalized property cases; property editing and nested lists; persisted bilingual content; editor lifecycle and published renderer,Invalid props/conflict/permission rejection,Page draft/published JSON and PageVersion,src/lib/blocks/types.ts + renderers,apps/web/src/components/admin/editor/props-form.tsx; packages/contracts/src/blocks.ts; packages/server/src/admin/pages.ts,apps/web/src/components/admin/editor/props-interactions.test.tsx; packages/contracts/src/source-block-parity.test.ts; packages/server/src/admin/pages.integration.test.ts; tests/e2e/editor-properties.spec.ts; tests/e2e/editor-operations.spec.ts; tests/e2e/tree-editor.spec.ts,verified-code; final-code-parity acceptance; operations excluded by owner,Pinned schema; docs/migration/final-code-parity.md; docs/migration/evidence/final-code-parity/acceptance-map.json
BLOCK-numberedList,CMS editor and public renderer,pages.edit / pages.publish; public visibility,"All schema props, styling, device visibility",Equivalent edit/preview/published rendering,Source-derived valid/invalid/normalized property cases; property editing and nested lists; persisted bilingual content; editor lifecycle and published renderer,Invalid props/conflict/permission rejection,Page draft/published JSON and PageVersion,src/lib/blocks/types.ts + renderers,apps/web/src/components/admin/editor/props-form.tsx; packages/contracts/src/blocks.ts; packages/server/src/admin/pages.ts,apps/web/src/components/admin/editor/props-interactions.test.tsx; packages/contracts/src/source-block-parity.test.ts; packages/server/src/admin/pages.integration.test.ts; tests/e2e/editor-properties.spec.ts; tests/e2e/editor-operations.spec.ts; tests/e2e/tree-editor.spec.ts,verified-code; final-code-parity acceptance; operations excluded by owner,Pinned schema; docs/migration/final-code-parity.md; docs/migration/evidence/final-code-parity/acceptance-map.json
BLOCK-navCtaBanner,CMS editor and public renderer,pages.edit / pages.publish; public visibility,"All schema props, styling, device visibility",Equivalent edit/preview/published rendering,Source-derived valid/invalid/normalized property cases; property editing and nested lists; persisted bilingual content; editor lifecycle and published renderer,Invalid props/conflict/permission rejection,Page draft/published JSON and PageVersion,src/lib/blocks/types.ts + renderers,apps/web/src/components/admin/editor/props-form.tsx; packages/contracts/src/blocks.ts; packages/server/src/admin/pages.ts,apps/web/src/components/admin/editor/props-interactions.test.tsx; packages/contracts/src/source-block-parity.test.ts; packages/server/src/admin/pages.integration.test.ts; tests/e2e/editor-properties.spec.ts; tests/e2e/editor-operations.spec.ts; tests/e2e/tree-editor.spec.ts,verified-code; final-code-parity acceptance; operations excluded by owner,Pinned schema; docs/migration/final-code-parity.md; docs/migration/evidence/final-code-parity/acceptance-map.json
BLOCK-servicesDetail,CMS editor and public renderer,pages.edit / pages.publish; public visibility,"All schema props, styling, device visibility",Equivalent edit/preview/published rendering,Source-derived valid/invalid/normalized property cases; property editing and nested lists; persisted bilingual content; editor lifecycle and published renderer,Invalid props/conflict/permission rejection,Page draft/published JSON and PageVersion,src/lib/blocks/types.ts + renderers,apps/web/src/components/admin/editor/props-form.tsx; packages/contracts/src/blocks.ts; packages/server/src/admin/pages.ts,apps/web/src/components/admin/editor/props-interactions.test.tsx; packages/contracts/src/source-block-parity.test.ts; packages/server/src/admin/pages.integration.test.ts; tests/e2e/editor-properties.spec.ts; tests/e2e/editor-operations.spec.ts; tests/e2e/tree-editor.spec.ts,verified-code; final-code-parity acceptance; operations excluded by owner,Pinned schema; docs/migration/final-code-parity.md; docs/migration/evidence/final-code-parity/acceptance-map.json
BLOCK-worksFull,CMS editor and public renderer,pages.edit / pages.publish; public visibility,"All schema props, styling, device visibility",Equivalent edit/preview/published rendering,Source-derived valid/invalid/normalized property cases; property editing and nested lists; persisted bilingual content; editor lifecycle and published renderer,Invalid props/conflict/permission rejection,Page draft/published JSON and PageVersion,src/lib/blocks/types.ts + renderers,apps/web/src/components/admin/editor/props-form.tsx; packages/contracts/src/blocks.ts; packages/server/src/admin/pages.ts,apps/web/src/components/admin/editor/props-interactions.test.tsx; packages/contracts/src/source-block-parity.test.ts; packages/server/src/admin/pages.integration.test.ts; tests/e2e/editor-properties.spec.ts; tests/e2e/editor-operations.spec.ts; tests/e2e/tree-editor.spec.ts,verified-code; final-code-parity acceptance; operations excluded by owner,Pinned schema; docs/migration/final-code-parity.md; docs/migration/evidence/final-code-parity/acceptance-map.json
BLOCK-processFull,CMS editor and public renderer,pages.edit / pages.publish; public visibility,"All schema props, styling, device visibility",Equivalent edit/preview/published rendering,Source-derived valid/invalid/normalized property cases; property editing and nested lists; persisted bilingual content; editor lifecycle and published renderer,Invalid props/conflict/permission rejection,Page draft/published JSON and PageVersion,src/lib/blocks/types.ts + renderers,apps/web/src/components/admin/editor/props-form.tsx; packages/contracts/src/blocks.ts; packages/server/src/admin/pages.ts,apps/web/src/components/admin/editor/props-interactions.test.tsx; packages/contracts/src/source-block-parity.test.ts; packages/server/src/admin/pages.integration.test.ts; tests/e2e/editor-properties.spec.ts; tests/e2e/editor-operations.spec.ts; tests/e2e/tree-editor.spec.ts,verified-code; final-code-parity acceptance; operations excluded by owner,Pinned schema; docs/migration/final-code-parity.md; docs/migration/evidence/final-code-parity/acceptance-map.json
BLOCK-requestForm,CMS editor and public renderer,pages.edit / pages.publish; public visibility,"All schema props, styling, device visibility",Equivalent edit/preview/published rendering,Source-derived valid/invalid/normalized property cases; property editing and nested lists; persisted bilingual content; editor lifecycle and published renderer,Invalid props/conflict/permission rejection,Page draft/published JSON and PageVersion,src/lib/blocks/types.ts + renderers,apps/web/src/components/admin/editor/props-form.tsx; packages/contracts/src/blocks.ts; packages/server/src/admin/pages.ts,apps/web/src/components/admin/editor/props-interactions.test.tsx; packages/contracts/src/source-block-parity.test.ts; packages/server/src/admin/pages.integration.test.ts; tests/e2e/editor-properties.spec.ts; tests/e2e/editor-operations.spec.ts; tests/e2e/tree-editor.spec.ts,verified-code; final-code-parity acceptance; operations excluded by owner,Pinned schema; docs/migration/final-code-parity.md; docs/migration/evidence/final-code-parity/acceptance-map.json
BLOCK-contactInfo,CMS editor and public renderer,pages.edit / pages.publish; public visibility,"All schema props, styling, device visibility",Equivalent edit/preview/published rendering,Source-derived valid/invalid/normalized property cases; property editing and nested lists; persisted bilingual content; editor lifecycle and published renderer,Invalid props/conflict/permission rejection,Page draft/published JSON and PageVersion,src/lib/blocks/types.ts + renderers,apps/web/src/components/admin/editor/props-form.tsx; packages/contracts/src/blocks.ts; packages/server/src/admin/pages.ts,apps/web/src/components/admin/editor/props-interactions.test.tsx; packages/contracts/src/source-block-parity.test.ts; packages/server/src/admin/pages.integration.test.ts; tests/e2e/editor-properties.spec.ts; tests/e2e/editor-operations.spec.ts; tests/e2e/tree-editor.spec.ts,verified-code; final-code-parity acceptance; operations excluded by owner,Pinned schema; docs/migration/final-code-parity.md; docs/migration/evidence/final-code-parity/acceptance-map.json
BLOCK-heading,CMS editor and public renderer,pages.edit / pages.publish; public visibility,"All schema props, styling, device visibility",Equivalent edit/preview/published rendering,Source-derived valid/invalid/normalized property cases; property editing and nested lists; persisted bilingual content; editor lifecycle and published renderer,Invalid props/conflict/permission rejection,Page draft/published JSON and PageVersion,src/lib/blocks/types.ts + renderers,apps/web/src/components/admin/editor/props-form.tsx; packages/contracts/src/blocks.ts; packages/server/src/admin/pages.ts,apps/web/src/components/admin/editor/props-interactions.test.tsx; packages/contracts/src/source-block-parity.test.ts; packages/server/src/admin/pages.integration.test.ts; tests/e2e/editor-properties.spec.ts; tests/e2e/editor-operations.spec.ts; tests/e2e/tree-editor.spec.ts,verified-code; final-code-parity acceptance; operations excluded by owner,Pinned schema; docs/migration/final-code-parity.md; docs/migration/evidence/final-code-parity/acceptance-map.json
BLOCK-text,CMS editor and public renderer,pages.edit / pages.publish; public visibility,"All schema props, styling, device visibility",Equivalent edit/preview/published rendering,Source-derived valid/invalid/normalized property cases; property editing and nested lists; persisted bilingual content; editor lifecycle and published renderer,Invalid props/conflict/permission rejection,Page draft/published JSON and PageVersion,src/lib/blocks/types.ts + renderers,apps/web/src/components/admin/editor/props-form.tsx; packages/contracts/src/blocks.ts; packages/server/src/admin/pages.ts,apps/web/src/components/admin/editor/props-interactions.test.tsx; packages/contracts/src/source-block-parity.test.ts; packages/server/src/admin/pages.integration.test.ts; tests/e2e/editor-properties.spec.ts; tests/e2e/editor-operations.spec.ts; tests/e2e/tree-editor.spec.ts,verified-code; final-code-parity acceptance; operations excluded by owner,Pinned schema; docs/migration/final-code-parity.md; docs/migration/evidence/final-code-parity/acceptance-map.json
BLOCK-image,CMS editor and public renderer,pages.edit / pages.publish; public visibility,"All schema props, styling, device visibility",Equivalent edit/preview/published rendering,Source-derived valid/invalid/normalized property cases; property editing and nested lists; persisted bilingual content; editor lifecycle and published renderer,Invalid props/conflict/permission rejection,Page draft/published JSON and PageVersion,src/lib/blocks/types.ts + renderers,apps/web/src/components/admin/editor/props-form.tsx; packages/contracts/src/blocks.ts; packages/server/src/admin/pages.ts,apps/web/src/components/admin/editor/props-interactions.test.tsx; packages/contracts/src/source-block-parity.test.ts; packages/server/src/admin/pages.integration.test.ts; tests/e2e/editor-properties.spec.ts; tests/e2e/editor-operations.spec.ts; tests/e2e/tree-editor.spec.ts,verified-code; final-code-parity acceptance; operations excluded by owner,Pinned schema; docs/migration/final-code-parity.md; docs/migration/evidence/final-code-parity/acceptance-map.json
BLOCK-gallery,CMS editor and public renderer,pages.edit / pages.publish; public visibility,"All schema props, styling, device visibility",Equivalent edit/preview/published rendering,Source-derived valid/invalid/normalized property cases; property editing and nested lists; persisted bilingual content; editor lifecycle and published renderer,Invalid props/conflict/permission rejection,Page draft/published JSON and PageVersion,src/lib/blocks/types.ts + renderers,apps/web/src/components/admin/editor/props-form.tsx; packages/contracts/src/blocks.ts; packages/server/src/admin/pages.ts,apps/web/src/components/admin/editor/props-interactions.test.tsx; packages/contracts/src/source-block-parity.test.ts; packages/server/src/admin/pages.integration.test.ts; tests/e2e/editor-properties.spec.ts; tests/e2e/editor-operations.spec.ts; tests/e2e/tree-editor.spec.ts,verified-code; final-code-parity acceptance; operations excluded by owner,Pinned schema; docs/migration/final-code-parity.md; docs/migration/evidence/final-code-parity/acceptance-map.json
BLOCK-buttonLink,CMS editor and public renderer,pages.edit / pages.publish; public visibility,"All schema props, styling, device visibility",Equivalent edit/preview/published rendering,Source-derived valid/invalid/normalized property cases; property editing and nested lists; persisted bilingual content; editor lifecycle and published renderer,Invalid props/conflict/permission rejection,Page draft/published JSON and PageVersion,src/lib/blocks/types.ts + renderers,apps/web/src/components/admin/editor/props-form.tsx; packages/contracts/src/blocks.ts; packages/server/src/admin/pages.ts,apps/web/src/components/admin/editor/props-interactions.test.tsx; packages/contracts/src/source-block-parity.test.ts; packages/server/src/admin/pages.integration.test.ts; tests/e2e/editor-properties.spec.ts; tests/e2e/editor-operations.spec.ts; tests/e2e/tree-editor.spec.ts,verified-code; final-code-parity acceptance; operations excluded by owner,Pinned schema; docs/migration/final-code-parity.md; docs/migration/evidence/final-code-parity/acceptance-map.json
BLOCK-columns,CMS editor and public renderer,pages.edit / pages.publish; public visibility,"All schema props, styling, device visibility",Equivalent edit/preview/published rendering,Source-derived valid/invalid/normalized property cases; property editing and nested lists; persisted bilingual content; editor lifecycle and published renderer,Invalid props/conflict/permission rejection,Page draft/published JSON and PageVersion,src/lib/blocks/types.ts + renderers,apps/web/src/components/admin/editor/props-form.tsx; packages/contracts/src/blocks.ts; packages/server/src/admin/pages.ts,apps/web/src/components/admin/editor/props-interactions.test.tsx; packages/contracts/src/source-block-parity.test.ts; packages/server/src/admin/pages.integration.test.ts; tests/e2e/editor-properties.spec.ts; tests/e2e/editor-operations.spec.ts; tests/e2e/tree-editor.spec.ts,verified-code; final-code-parity acceptance; operations excluded by owner,Pinned schema; docs/migration/final-code-parity.md; docs/migration/evidence/final-code-parity/acceptance-map.json
BLOCK-simpleTable,CMS editor and public renderer,pages.edit / pages.publish; public visibility,"All schema props, styling, device visibility",Equivalent edit/preview/published rendering,Source-derived valid/invalid/normalized property cases; property editing and nested lists; persisted bilingual content; editor lifecycle and published renderer,Invalid props/conflict/permission rejection,Page draft/published JSON and PageVersion,src/lib/blocks/types.ts + renderers,apps/web/src/components/admin/editor/props-form.tsx; packages/contracts/src/blocks.ts; packages/server/src/admin/pages.ts,apps/web/src/components/admin/editor/props-interactions.test.tsx; packages/contracts/src/source-block-parity.test.ts; packages/server/src/admin/pages.integration.test.ts; tests/e2e/editor-properties.spec.ts; tests/e2e/editor-operations.spec.ts; tests/e2e/tree-editor.spec.ts,verified-code; final-code-parity acceptance; operations excluded by owner,Pinned schema; docs/migration/final-code-parity.md; docs/migration/evidence/final-code-parity/acceptance-map.json
BLOCK-divider,CMS editor and public renderer,pages.edit / pages.publish; public visibility,"All schema props, styling, device visibility",Equivalent edit/preview/published rendering,Source-derived valid/invalid/normalized property cases; property editing and nested lists; persisted bilingual content; editor lifecycle and published renderer,Invalid props/conflict/permission rejection,Page draft/published JSON and PageVersion,src/lib/blocks/types.ts + renderers,apps/web/src/components/admin/editor/props-form.tsx; packages/contracts/src/blocks.ts; packages/server/src/admin/pages.ts,apps/web/src/components/admin/editor/props-interactions.test.tsx; packages/contracts/src/source-block-parity.test.ts; packages/server/src/admin/pages.integration.test.ts; tests/e2e/editor-properties.spec.ts; tests/e2e/editor-operations.spec.ts; tests/e2e/tree-editor.spec.ts,verified-code; final-code-parity acceptance; operations excluded by owner,Pinned schema; docs/migration/final-code-parity.md; docs/migration/evidence/final-code-parity/acceptance-map.json
BLOCK-spacer,CMS editor and public renderer,pages.edit / pages.publish; public visibility,"All schema props, styling, device visibility",Equivalent edit/preview/published rendering,Source-derived valid/invalid/normalized property cases; property editing and nested lists; persisted bilingual content; editor lifecycle and published renderer,Invalid props/conflict/permission rejection,Page draft/published JSON and PageVersion,src/lib/blocks/types.ts + renderers,apps/web/src/components/admin/editor/props-form.tsx; packages/contracts/src/blocks.ts; packages/server/src/admin/pages.ts,apps/web/src/components/admin/editor/props-interactions.test.tsx; packages/contracts/src/source-block-parity.test.ts; packages/server/src/admin/pages.integration.test.ts; tests/e2e/editor-properties.spec.ts; tests/e2e/editor-operations.spec.ts; tests/e2e/tree-editor.spec.ts,verified-code; final-code-parity acceptance; operations excluded by owner,Pinned schema; docs/migration/final-code-parity.md; docs/migration/evidence/final-code-parity/acceptance-map.json
EDITOR,Cross-cutting,Source permission catalog,Source behavior,Autosave 2000ms; conflict 409; undo/redo; keyboard/pointer drag; nested blocks; responsive preview; versions/restore,Complete journey,All source negative cases,Source entities,Pinned source,apps/web/src/components/admin/editor/props-form.tsx; packages/contracts/src/blocks.ts; packages/server/src/admin/pages.ts,apps/web/src/components/admin/editor/props-interactions.test.tsx; packages/contracts/src/source-block-parity.test.ts; packages/server/src/admin/pages.integration.test.ts; tests/e2e/editor-properties.spec.ts; tests/e2e/editor-operations.spec.ts; tests/e2e/tree-editor.spec.ts,verified-code; final-code-parity acceptance; operations excluded by owner,docs/migration/tree-editor.md; docs/migration/evidence/tree-editor/; docs/migration/final-code-parity.md; docs/migration/evidence/final-code-parity/acceptance-map.json
PUBLIC,Cross-cutting,Source permission catalog,Source behavior,Language cookie/browser redirect; announcement scheduling/dismissal; menus/footer; illustrative booking prototype; SEO/robots/sitemap; slug redirects,Complete journey,All source negative cases,Source entities,Pinned source,apps/api/src/public.service.ts; apps/web/src/screens/cms.tsx,tests/e2e/publication.spec.ts; tests/e2e/cms-publication.spec.ts; tests/e2e/auth-public.spec.ts; tests/e2e/submissions.spec.ts; tests/e2e/public-visibility.spec.ts,verified-code; final-code-parity acceptance; operations excluded by owner,Inventory umbrella; not acceptance evidence; docs/migration/final-code-parity.md; docs/migration/evidence/final-code-parity/acceptance-map.json
AUTH,Cross-cutting,Source permission catalog,Source behavior,Registration/verification; login lockout; sessions/revoke; invitation; password reset/change; request claims bound to resource,Complete journey,All source negative cases,Source entities,Pinned source,packages/server/src/auth/service.ts; apps/api/src/auth/controller.ts; apps/web/src/screens/auth.tsx,packages/server/src/auth/auth.integration.test.ts; tests/e2e/auth-public.spec.ts; tests/e2e/auth-compatibility.spec.ts; tests/e2e/login-hydration.spec.ts; tests/e2e/admin-users.spec.ts; tests/e2e/invite-ui.spec.ts,verified-code; final-code-parity acceptance; operations excluded by owner,Inventory umbrella; not acceptance evidence; docs/migration/final-code-parity.md; docs/migration/evidence/final-code-parity/acceptance-map.json
FILES,Cross-cutting,Source permission catalog,Source behavior,Signature/size validation; private per-record downloads; public media; backups and restore,Complete journey,All source negative cases,Source entities,Pinned source,packages/server/src/files/service.ts; packages/server/src/files/media-usage.ts,packages/server/src/files/files.integration.test.ts; packages/server/src/files/media-library.integration.test.ts; tests/e2e/files-claims.spec.ts; tests/e2e/media-library.spec.ts,verified-code; final-code-parity acceptance; operations excluded by owner,Inventory umbrella; not acceptance evidence; docs/migration/final-code-parity.md; docs/migration/evidence/final-code-parity/acceptance-map.json
ADMIN,Cross-cutting,Source permission catalog,Source behavior,Search/filter/assign/status/priority; internal notes; bulk/archive/export; saved replies; users/roles; audit/outbox/settings,Complete journey,All source negative cases,Source entities,Pinned source,packages/server/src/admin/operations.ts; packages/server/src/admin/conversations.ts; packages/server/src/admin/dashboard.ts; apps/api/src/admin/operations.controller.ts,packages/server/src/admin/operations.integration.test.ts; tests/e2e/admin-configuration.spec.ts; tests/e2e/role-contracts.spec.ts; tests/e2e/support-operations.spec.ts; tests/e2e/admin-navigation.spec.ts,verified-code; final-code-parity acceptance; operations excluded by owner,Inventory umbrella; not acceptance evidence; docs/migration/final-code-parity.md; docs/migration/evidence/final-code-parity/acceptance-map.json
REFRESH-CMS-VALIDATION,/api/admin/pages/* and /api/v1/admin/pages/*,pages.edit; pages.publish; pages.restore,Legacy block JSON; inherited schema keys; unknown fields; concurrent draft stamp,400 invalid_blocks; normalized drafts/publications/versions,Valid normalized content persists across publish/restore,Prototype keys rejected; losing concurrent save 409; client/editor permissions retained,Page; PageVersion; AuditLog,d214018: src/lib/blocks/types.ts,packages/contracts/src/content/validate.ts; apps/web/src/components/admin/editor/page-editor.tsx,packages/contracts/src/content/content-tree.test.ts; packages/contracts/src/content/tree-move.test.ts; tests/e2e/layer-move.spec.ts; tests/e2e/content-tree.spec.ts; tests/e2e/tree-editor.spec.ts,verified-code; final-code-parity acceptance; operations excluded by owner,cms-block-normalization.md; docs/migration/final-code-parity.md; docs/migration/evidence/final-code-parity/acceptance-map.json
DATA-V2,SQLite v1/v2 -> MariaDB v2,Offline operator; isolated target,Pinned full schema; synthetic records/files; explicit target,25 tables; preserved IDs/values/files; mappingVersion 2 report,dry-run/apply/resume/verify; upgrade from all 23 populated original tables,Incomplete schema; invalid TrackLink ownership; conflicting rows; interrupted writes,Page settings/revisions/schedule; PageTemplate; TrackLink,prisma/schema.prisma @ fc4a959,packages/server/src/migration/transfer.ts,packages/server/src/migration/transfer.integration.test.ts; packages/server/src/database/schema.integration.test.ts,verified-code; final-code-parity acceptance; operations excluded by owner,docs/migration/source-schema-v2.md; docs/migration/evidence/data-transfer/source-v2/; docs/migration/final-code-parity.md; docs/migration/evidence/final-code-parity/acceptance-map.json
API-073,POST /api/admin/pages/[id]/discard,pages.edit,baseRevision,draftRevision; publishedRevision; hasUnpublishedChanges,Restore live content/settings to draft with monotonic revision,401/403; stale/missing revision; archived; never published; nothing to discard,Page; PageVersion; User; Role; AuditLog; Notification,src/app/api/admin/pages/[id]/discard/route.ts @ fc4a959e87e7c3750a0546f9d4fa10e31ac3b63c,packages/server/src/admin/pages.ts; packages/server/src/admin/publication.ts; apps/api/src/admin/pages.controller.ts,packages/server/src/admin/pages.integration.test.ts; packages/server/src/admin/publication.integration.test.ts; tests/e2e/cms-publication.spec.ts; tests/e2e/editor-operations.spec.ts; tests/e2e/admin-navigation.spec.ts,verified-code; final-code-parity acceptance; operations excluded by owner,docs/migration/cms-publication.md; docs/migration/evidence/publication/; docs/migration/final-code-parity.md; docs/migration/evidence/final-code-parity/acceptance-map.json
API-074,POST /api/admin/pages/[id]/schedule,pages.publish,baseRevision; publishAt ISO or null,scheduledPublishAt; scheduledRevision,"Atomic revision check, schedule persistence and worker publish/skip",401/403; stale/missing revision; archived; invalid/past/far future time; database rollback,Page; PageVersion; User; Role; AuditLog; Notification,src/app/api/admin/pages/[id]/schedule/route.ts @ fc4a959e87e7c3750a0546f9d4fa10e31ac3b63c,packages/server/src/admin/pages.ts; packages/server/src/admin/publication.ts; apps/api/src/admin/pages.controller.ts,packages/server/src/admin/pages.integration.test.ts; packages/server/src/admin/publication.integration.test.ts; tests/e2e/cms-publication.spec.ts; tests/e2e/editor-operations.spec.ts; tests/e2e/admin-navigation.spec.ts,verified-code; final-code-parity acceptance; operations excluded by owner,docs/migration/cms-publication.md; docs/migration/evidence/publication/; docs/migration/final-code-parity.md; docs/migration/evidence/final-code-parity/acceptance-map.json
API-075,POST /api/admin/templates/[id]/apply,pages.edit; active session and Origin/CSRF,pageId; ar/en locale; mandatory integer baseRevision,Draft revision/time/content and backupCreated; published content unchanged,Atomic draft + backup + usage + audit; one concurrent winner; explicit subsequent publication,401/403 auth and CSRF; 400 missing language/invalid content; 404 missing records; 409 archived/missing/stale revision; audit rollback,PageTemplate; Page; PageVersion; AuditLog; OperationLock,src/app/api/admin/templates/[id]/apply/route.ts @ fc4a959e87e7c3750a0546f9d4fa10e31ac3b63c,packages/server/src/admin/templates.ts; apps/api/src/admin/templates.controller.ts,packages/server/src/admin/templates.integration.test.ts; tests/e2e/templates.spec.ts; tests/e2e/tree-editor.spec.ts,verified-code; final-code-parity acceptance; operations excluded by owner,docs/migration/page-templates.md; docs/migration/evidence/page-templates/; docs/migration/final-code-parity.md; docs/migration/evidence/final-code-parity/acceptance-map.json
API-076,PATCH /api/admin/templates/[id],pages.edit; active session and Origin/CSRF,Source metadata and validated ar/en content; optional patch fields retain source semantics,Safe template metadata/previews/counts; POST 201; other operations 200,Create-only six builtins; normalized custom create/patch/delete; legacy and v1 aliases,401/403 auth and CSRF; 400 invalid content/metadata or builtin mutation; 404 missing; 413 oversized body,PageTemplate; User creator name; AuditLog; OperationLock,src/app/api/admin/templates/[id]/route.ts @ fc4a959e87e7c3750a0546f9d4fa10e31ac3b63c,packages/server/src/admin/templates.ts; apps/api/src/admin/templates.controller.ts,packages/server/src/admin/templates.integration.test.ts; tests/e2e/templates.spec.ts; tests/e2e/tree-editor.spec.ts,verified-code; final-code-parity acceptance; operations excluded by owner,docs/migration/page-templates.md; docs/migration/evidence/page-templates/; docs/migration/final-code-parity.md; docs/migration/evidence/final-code-parity/acceptance-map.json
API-077,DELETE /api/admin/templates/[id],pages.edit; active session and Origin/CSRF,Source metadata and validated ar/en content; optional patch fields retain source semantics,Safe template metadata/previews/counts; POST 201; other operations 200,Create-only six builtins; normalized custom create/patch/delete; legacy and v1 aliases,401/403 auth and CSRF; 400 invalid content/metadata or builtin mutation; 404 missing; 413 oversized body,PageTemplate; User creator name; AuditLog; OperationLock,src/app/api/admin/templates/[id]/route.ts @ fc4a959e87e7c3750a0546f9d4fa10e31ac3b63c,packages/server/src/admin/templates.ts; apps/api/src/admin/templates.controller.ts,packages/server/src/admin/templates.integration.test.ts; tests/e2e/templates.spec.ts; tests/e2e/tree-editor.spec.ts,verified-code; final-code-parity acceptance; operations excluded by owner,docs/migration/page-templates.md; docs/migration/evidence/page-templates/; docs/migration/final-code-parity.md; docs/migration/evidence/final-code-parity/acceptance-map.json
API-078,GET /api/admin/templates,pages.view,Source metadata and validated ar/en content; optional patch fields retain source semantics,Safe template metadata/previews/counts; POST 201; other operations 200,Create-only six builtins; normalized custom create/patch/delete; legacy and v1 aliases,401/403 auth and CSRF; 400 invalid content/metadata or builtin mutation; 404 missing; 413 oversized body,PageTemplate; User creator name; AuditLog; OperationLock,src/app/api/admin/templates/route.ts @ fc4a959e87e7c3750a0546f9d4fa10e31ac3b63c,packages/server/src/admin/templates.ts; apps/api/src/admin/templates.controller.ts,packages/server/src/admin/templates.integration.test.ts; tests/e2e/templates.spec.ts; tests/e2e/tree-editor.spec.ts,verified-code; final-code-parity acceptance; operations excluded by owner,docs/migration/page-templates.md; docs/migration/evidence/page-templates/; docs/migration/final-code-parity.md; docs/migration/evidence/final-code-parity/acceptance-map.json
API-079,POST /api/admin/templates,pages.edit; active session and Origin/CSRF,Source metadata and validated ar/en content; optional patch fields retain source semantics,Safe template metadata/previews/counts; POST 201; other operations 200,Create-only six builtins; normalized custom create/patch/delete; legacy and v1 aliases,401/403 auth and CSRF; 400 invalid content/metadata or builtin mutation; 404 missing; 413 oversized body,PageTemplate; User creator name; AuditLog; OperationLock,src/app/api/admin/templates/route.ts @ fc4a959e87e7c3750a0546f9d4fa10e31ac3b63c,packages/server/src/admin/templates.ts; apps/api/src/admin/templates.controller.ts,packages/server/src/admin/templates.integration.test.ts; tests/e2e/templates.spec.ts; tests/e2e/tree-editor.spec.ts,verified-code; final-code-parity acceptance; operations excluded by owner,docs/migration/page-templates.md; docs/migration/evidence/page-templates/; docs/migration/final-code-parity.md; docs/migration/evidence/final-code-parity/acceptance-map.json
API-080,GET /api/admin/track,Authenticated requests/inquiries view.all for metadata; reply permission for mutation,scope/id; action/mode/reason or token/body; shared quota; Origin and CSRF boundary,Legacy response shape plus v1 alias; public projections; signed HttpOnly cookie on exchange,Policy lookup; view; atomic reply; renew/revoke/card exception,401/403 ownership/policy; revoked/expired/generation mismatch; closed/archive; 400 invalid; 409 duplicate; 429 quota,TrackLink; ProjectRequest; Inquiry; public messages; attachments; SiteSetting; AuditLog; encrypted MailJob; EmailLog,src/app/api/admin/track/route.ts @ fc4a959e87e7c3750a0546f9d4fa10e31ac3b63c,packages/server/src/track/service.ts; apps/web/src/screens/track.tsx,packages/server/src/track/service.integration.test.ts; tests/e2e/tracking.spec.ts,verified-code; final-code-parity acceptance; operations excluded by owner,docs/migration/tracking.md; docs/migration/evidence/tracking/; docs/migration/final-code-parity.md; docs/migration/evidence/final-code-parity/acceptance-map.json
API-081,POST /api/admin/track,Authenticated requests/inquiries view.all for metadata; reply permission for mutation,scope/id; action/mode/reason or token/body; shared quota; Origin and CSRF boundary,Legacy response shape plus v1 alias; public projections; signed HttpOnly cookie on exchange,Policy lookup; view; atomic reply; renew/revoke/card exception,401/403 ownership/policy; revoked/expired/generation mismatch; closed/archive; 400 invalid; 409 duplicate; 429 quota,TrackLink; ProjectRequest; Inquiry; public messages; attachments; SiteSetting; AuditLog; encrypted MailJob; EmailLog,src/app/api/admin/track/route.ts @ fc4a959e87e7c3750a0546f9d4fa10e31ac3b63c,packages/server/src/track/service.ts; apps/web/src/screens/track.tsx,packages/server/src/track/service.integration.test.ts; tests/e2e/tracking.spec.ts,verified-code; final-code-parity acceptance; operations excluded by owner,docs/migration/tracking.md; docs/migration/evidence/tracking/; docs/migration/final-code-parity.md; docs/migration/evidence/final-code-parity/acceptance-map.json
API-082,GET /api/track/card,Signed generation-bound link per live policy; authorized account owner/staff view; owner or guest reply only,scope/id; action/mode/reason or token/body; shared quota; Origin and CSRF boundary,Legacy response shape plus v1 alias; public projections; signed HttpOnly cookie on exchange,Policy lookup; view; atomic reply; renew/revoke/card exception,401/403 ownership/policy; revoked/expired/generation mismatch; closed/archive; 400 invalid; 409 duplicate; 429 quota,TrackLink; ProjectRequest; Inquiry; public messages; attachments; SiteSetting; AuditLog; encrypted MailJob; EmailLog,src/app/api/track/card/route.ts @ fc4a959e87e7c3750a0546f9d4fa10e31ac3b63c,packages/server/src/track/service.ts; apps/web/src/screens/track.tsx,packages/server/src/track/service.integration.test.ts; tests/e2e/tracking.spec.ts,verified-code; final-code-parity acceptance; operations excluded by owner,docs/migration/tracking.md; docs/migration/evidence/tracking/; docs/migration/final-code-parity.md; docs/migration/evidence/final-code-parity/acceptance-map.json
API-083,POST /api/track/exchange,Signed generation-bound link per live policy; authorized account owner/staff view; owner or guest reply only,scope/id; action/mode/reason or token/body; shared quota; Origin and CSRF boundary,Legacy response shape plus v1 alias; public projections; signed HttpOnly cookie on exchange,Policy lookup; view; atomic reply; renew/revoke/card exception,401/403 ownership/policy; revoked/expired/generation mismatch; closed/archive; 400 invalid; 409 duplicate; 429 quota,TrackLink; ProjectRequest; Inquiry; public messages; attachments; SiteSetting; AuditLog; encrypted MailJob; EmailLog,src/app/api/track/exchange/route.ts @ fc4a959e87e7c3750a0546f9d4fa10e31ac3b63c,packages/server/src/track/service.ts; apps/web/src/screens/track.tsx,packages/server/src/track/service.integration.test.ts; tests/e2e/tracking.spec.ts,verified-code; final-code-parity acceptance; operations excluded by owner,docs/migration/tracking.md; docs/migration/evidence/tracking/; docs/migration/final-code-parity.md; docs/migration/evidence/final-code-parity/acceptance-map.json
API-084,POST /api/track/reply,Signed generation-bound link per live policy; authorized account owner/staff view; owner or guest reply only,scope/id; action/mode/reason or token/body; shared quota; Origin and CSRF boundary,Legacy response shape plus v1 alias; public projections; signed HttpOnly cookie on exchange,Policy lookup; view; atomic reply; renew/revoke/card exception,401/403 ownership/policy; revoked/expired/generation mismatch; closed/archive; 400 invalid; 409 duplicate; 429 quota,TrackLink; ProjectRequest; Inquiry; public messages; attachments; SiteSetting; AuditLog; encrypted MailJob; EmailLog,src/app/api/track/reply/route.ts @ fc4a959e87e7c3750a0546f9d4fa10e31ac3b63c,packages/server/src/track/service.ts; apps/web/src/screens/track.tsx,packages/server/src/track/service.integration.test.ts; tests/e2e/tracking.spec.ts,verified-code; final-code-parity acceptance; operations excluded by owner,docs/migration/tracking.md; docs/migration/evidence/tracking/; docs/migration/final-code-parity.md; docs/migration/evidence/final-code-parity/acceptance-map.json
CMS-TREE-V1,GET /:locale/:slug published v1 envelope,Public or existing authorized viewer,Published validated envelope; four container kinds; 27 leaf schemas,SSR HTML; responsive CSS; keyboard links; safe 404,Nested tree displays without draft fields; v0 remains compatible,Malformed/empty/too-deep/oversized/unknown node; duplicate IDs,Published Page blocks; shared content contracts,src/lib/blocks; src/components/blocks/page-renderer.tsx @ fc4a959,packages/contracts/src/content/validate.ts; apps/web/src/components/admin/editor/page-editor.tsx,packages/contracts/src/content/content-tree.test.ts; packages/contracts/src/content/tree-move.test.ts; tests/e2e/layer-move.spec.ts; tests/e2e/content-tree.spec.ts; tests/e2e/tree-editor.spec.ts,verified-code; final-code-parity acceptance; operations excluded by owner,docs/migration/content-tree.md; docs/migration/evidence/content-tree/; docs/migration/final-code-parity.md; docs/migration/evidence/final-code-parity/acceptance-map.json
UI-TRACK,/{locale}/track; admin request/inquiry tracking panel,Guest capability; owner; staff permissions,Token or card scope/id; reply; renew/revoke,Private card and messages; renewed capability revealed once,Exchange; reply; binary attachment; admin renew/revoke,Invalid/expired/revoked/policy/owner; malformed/quota/Origin; internal attachment,TrackLink; request/inquiry; messages; attachment; settings,src/app/[locale]/track; src/components/admin/track @ fc4a959,packages/server/src/track/service.ts; apps/web/src/screens/track.tsx; apps/web/src/screens; apps/api/src/public.service.ts,packages/server/src/track/service.integration.test.ts; tests/e2e/tracking.spec.ts,verified-code; final-code-parity acceptance; operations excluded by owner,docs/migration/tracking.md; docs/migration/evidence/tracking/; docs/migration/final-code-parity.md; docs/migration/evidence/final-code-parity/acceptance-map.json
REFRESH-LAYER-MOVE,/[locale]/admin/pages/[id]/edit Layers,pages.read + pages.edit; server permissions and revision checks retained,Pointer or keyboard drag; node ID; destination parent/index; search; undo/redo,Preserved node IDs and subtree properties; validated destination; explicit localized rejection; saved revision,Root reorder and cross-container move; undo/redo; persistence and reload; RTL/LTR Radix context,Self/descendant loop; invalid child type; full container; depth/node limits; unknown node; search disables drag,Page draftBlocksAr/En and draftRevision; PageVersion unchanged until existing operations,Website dddf8cd src/lib/blocks/tree-move.ts; src/components/admin/editor/layer-tree.tsx,packages/contracts/src/content/validate.ts; apps/web/src/components/admin/editor/page-editor.tsx,packages/contracts/src/content/content-tree.test.ts; packages/contracts/src/content/tree-move.test.ts; tests/e2e/layer-move.spec.ts; tests/e2e/content-tree.spec.ts; tests/e2e/tree-editor.spec.ts,verified-code; final-code-parity acceptance; operations excluded by owner,docs/migration/layer-tree-move.md; docs/migration/evidence/layer-tree-move/; docs/migration/final-code-parity.md; docs/migration/evidence/final-code-parity/acceptance-map.json
OPS-RECOVERY,npm run test:restore; npm run data:recovery-check,Operator on isolated synthetic MariaDB; confirmed target; writes paused,Matched code/dependency artifact; database/files backup; separately protected keys,Recovered API and worker; preserved IDs/values/files/session state; key preflight counts only,Complete table comparison; live/revoked/expired sessions; media HTTP; mail uncertainty; cleanup; restart,Wrong/missing key; corrupt webhook payload; open writes; wrong/occupied database; post-open overwrite,All MariaDB tables; MediaItem/files; AuthSession; MailJob/EmailLog; WebhookJob; FileCleanupJob,Original operational migration contract; Website dddf8cd unchanged,tools/migration/operational-restore.mjs; packages/server/src/migration/recovery.ts,tools/migration/operational-restore.mjs; packages/server/src/queue/mail-queue.integration.test.ts; packages/server/src/queue/webhook.integration.test.ts,local tool acceptance verified; real operations outside owner-defined scope,docs/migration/operational-restore.md; docs/migration/evidence/operational-restore/; docs/migration/final-code-parity.md; docs/migration/evidence/final-code-parity/acceptance-map.json
CMS-BYTE-BOUNDARY,PATCH /api/admin/pages/:id and /api/v1/admin/pages/:id; publish; db:check-cms,pages.edit and pages.publish; authenticated Origin checked before body buffering,Exact 300000 UTF-8 document; normalized defaults; explicit revision; legacy document; 160MiB transport,Round-trippable normalized document and hashes in draft/published/version rows,Exact byte boundary; publication/render; concurrent winner; large legacy persistence,One extra byte; default expansion; unauthorized oversized request; low packet preflight; revision conflict,Real MariaDB Page/PageVersion; session packet256MiB,Website dddf8cd validateContent; inherited normalized-size overflow,packages/contracts/src/content/validate.ts; tools/migration/max-legacy-document.mjs,tools/migration/cms-boundary-smoke.mjs; packages/contracts/src/content/byte-boundary.test.ts; all 27 finite schemas ranked; 63759001 bytes per language matched across draft/publication/version,verified-code; final-code-parity acceptance; operations excluded by owner,docs/migration/cms-boundaries.md; docs/migration/evidence/cms-boundaries/; docs/migration/final-code-parity.md; docs/migration/evidence/final-code-parity/acceptance-map.json
EDITOR-PROPERTY-LABELS,/:locale/admin/pages/:id/edit properties,pages.edit; active editor session,31 property registries; nested repeated field keys; pointer label and keyboard edits,Correct focused control; unchanged CMS keys; saved and published targeted item,Unique control IDs and correct nested field association in ar/en,Duplicate IDs; editing wrong sibling/outer field; loss after save or reload,Page draft/published JSON; PageVersion,Website dddf8cd props-form.tsx and prop-fields.ts,apps/web/src/components/admin/editor/props-form.tsx; packages/contracts/src/blocks.ts; packages/server/src/admin/pages.ts,apps/web/src/components/admin/editor/props-interactions.test.tsx; packages/contracts/src/source-block-parity.test.ts; packages/server/src/admin/pages.integration.test.ts; tests/e2e/editor-properties.spec.ts; tests/e2e/editor-operations.spec.ts; tests/e2e/tree-editor.spec.ts,verified-code; final-code-parity acceptance; operations excluded by owner,editor-properties.md; evidence/editor-properties/; docs/migration/final-code-parity.md; docs/migration/evidence/final-code-parity/acceptance-map.json
